lp_apy,prot_apy,loss_rate_per_Myear,net_cost_per_Myear,cum_payouts_M
0.07949304956693573,0.025911405538560004,0.012008149210430804,-0.003329875456442232,69.72670330953011
0.08807240010119646,0.037463684657569225,0.009289216237253668,-0.004633370789977727,52.488925505139996
0.102592223081903,0.03993944076038116,0.007859589432649496,-0.005288045069885183,46.468119994588506
0.13825010362732407,0.06553606684025372,0.0005385081088440224,-0.00831651725173019,3.190784132170307
0.11757126982807706,0.05804404579602334,0.003925376940166171,-0.00725735007603327,22.44982016036716
0.13347022413599458,0.061885279044855815,0.0016843564454048798,-0.008108136731400224,10.1517915134957
0.12105251305356227,0.05850281824734284,0.0035548598911197622,-0.0075389858334691745,20.992364363415184
0.13595363239273545,0.07107831432768552,0.0,-0.008706653790625376,0.0
0.10311011496917277,0.05165321207919279,0.006442344350075649,-0.006658324858195666,37.12882428672779
0.046847876505889965,0.022106391809802048,0.01472493390558972,-0.0027795676561287934,81.49491415880426
0.09562855186248058,0.04950395247626295,0.007673327102248059,-0.006153369458409521,44.03350832720457
0.10299926064439956,0.057407452201029156,0.005822511668328223,-0.007082138876373696,33.58821071304418
0.1078302827549964,0.047358915231250034,0.006481498618267019,-0.0061246768091833045,37.978981785189
0.10002399947585851,0.04555134324607314,0.007358460179588659,-0.005862673624090802,43.659428306262384
0.10685111833660849,0.051439626795081794,0.006169220965270008,-0.006692127131806838,36.19412312449052
0.11815748198948027,0.05489240587749523,0.0042239547787569255,-0.0068474485958344095,24.3635701052911
0.13465546055132535,0.0602313153885233,0.0017541233067330337,-0.007714457458611434,10.532777317598036
0.11296619891464446,0.04846005233658071,0.00571969055361172,-0.006240212911669135,33.383586186555505
0.07875372826628406,0.035687314351666125,0.010526501468025529,-0.004707683245783776,61.13028044546987
0.0914576237873437,0.046567999105576595,0.00813950647903776,-0.0058309248266271724,46.31879198165681
0.09178283825810245,0.04192524756618357,0.008767778945594657,-0.005168337225801399,50.98699384623682
0.09816973108476723,0.04305030853805631,0.008103377222692415,-0.005774052719528806,47.33857540111505
0.13388298236681298,0.05913498508309332,0.0020091591119185508,-0.007699333741305659,11.785041043964943
0.02076958930109606,0.01759052993522476,0.01820809144780899,-0.002270796793607144,103.13416012568652
0.09669614677265118,0.04758813297995635,0.007418877045766415,-0.005918842552185089,42.28362150581404
0.12703245404206326,0.0553209727191708,0.0031817353591881404,-0.0069759085667472215,18.567661465434945
0.09517665159847398,0.05325036177497195,0.007058050064021528,-0.0067098017348542266,41.0751130412638
0.0829521449352618,0.04754450936422057,0.009172453546577143,-0.0062121875825779365,55.023836897247264
0.10623963252242556,0.04820684347902577,0.006542798355543258,-0.006362001619950525,38.99895500250633
0.09936584443631957,0.03946268373599683,0.00845220349995525,-0.005330841636671331,49.40166431532996
0.07902667197251553,0.01122296177317545,0.014364029711513092,-0.0015225989543975707,87.00053060088356
0.1296214429951883,0.06434609496934734,0.0017709327468453152,-0.007967320805160438,10.342672083683569
0.09550310349714916,0.038747707422022284,0.008834984111968312,-0.004980286522114066,52.98258029413287
0.09737167692243345,0.04835905960454538,0.007513321604192587,-0.006270202989018202,43.86456326450019
0.11129782670614813,0.05192816691331917,0.005500495937101151,-0.00654043384865634,31.8033909223994
0.10453980941458736,0.045956968630880675,0.00715741432020694,-0.006018113096454538,42.30911067612663
0.10554719826393291,0.05257977749277997,0.00617016152311299,-0.0066055595883851145,35.74581892863286
0.10529714554840001,0.051976680711052436,0.006155417960574496,-0.0066272179664422035,36.195847198474986
0.13396082942550355,0.060326184280535745,0.0017940990163267435,-0.007586391266218839,10.62188228742343
0.12814210866484213,0.05513153157769548,0.0031542285380260363,-0.006935403895668662,18.523912729772125
0.11406384941903065,0.04429555306070385,0.006195699882812019,-0.005868234593173345,36.24596929607223
0.10203497995042039,0.02900833625982735,0.009594498832148437,-0.003851231287334273,57.912802588382604
0.08694972014684044,0.05144266878499844,0.00816035668434214,-0.006422727403944663,47.64755530377611
0.10051011775006223,0.03759479597364687,0.00849103190530824,-0.004901834318571378,51.521623536820975
0.11595906935082519,0.03683011239981334,0.007255963360098991,-0.005031397957453112,44.372369940259794
0.10352162071485123,0.04627814302657383,0.007066281474089982,-0.006063938126228411,41.40329536774704
0.1002273163920368,0.053986421192962035,0.00656275661728567,-0.007089857153470776,39.92293655230554
0.0902988893900002,0.04801242770869529,0.008354003526079162,-0.006085943143341741,48.1150487153916
0.12910012232431917,0.05795959658495072,0.0026416398884099484,-0.007342622053183952,15.625656338823088
0.07871773836665232,0.04522609452273626,0.009775591941685742,-0.005858353134559051,56.83986922142775
0.12365561866991238,0.06283398463116568,0.0025995082593861163,-0.007765238197210366,14.692578283886219
0.1296292730995794,0.06202077755579087,0.0020683021367819037,-0.007703993274069099,12.012965248100818
0.10519828936978742,0.042022487890348,0.007613182758481287,-0.005551966129620273,44.93425038062634
0.10819526975716975,0.0488830947937525,0.006000604555720613,-0.0060905427669903775,34.33791142232782
0.1133905544859184,0.051804776462188874,0.005380478441977488,-0.006691588787919726,31.3432301306622
0.11058247591851099,0.052661804375463674,0.005465838377837339,-0.0066788749737416294,32.42396855370409
0.12432928994798616,0.05142682115172782,0.003989184120070327,-0.006529799520712715,23.372223204850584
0.08702205207600118,0.04658228981078698,0.008530109308745095,-0.005757788285573165,49.68302054891046
0.09415504650969432,0.04335772191562693,0.007878873659092933,-0.005408144462894257,45.190765122386935
0.12286913717892409,0.04271653754089495,0.005524338939539818,-0.005648055918813402,33.09682731927477
0.0735277901350653,0.033129803804388146,0.011593828289629574,-0.0041557476795029,64.53343955583873
0.09651778763024507,0.04949899688867154,0.007424428139389939,-0.006167198312613071,42.32867116734592
0.10327420475986018,0.043776216143879644,0.0072910033420301385,-0.005563142538364857,42.84938250909008
0.12745033133052652,0.05974426851310905,0.0027015704910577773,-0.007745118523783268,16.332542591868695
0.12579073649100214,0.061895325804920034,0.002493102814539409,-0.007739909740762534,14.559201827065337
0.1354680102482372,0.06329348781831978,0.0012742330835912824,-0.008176582370962138,7.567680751191141
0.09818412453851456,0.04087639642716492,0.008180081415367255,-0.005069498104439512,47.06047832361527
0.11786084704289645,0.05525755563569705,0.004300566199230673,-0.006868728000613959,24.665478015767413
0.09044785334639671,0.046684009169895124,0.008468299849806809,-0.005965913542149483,49.86558351630898
0.09677519062110113,0.04395398532612736,0.007898153478932466,-0.0055015778409247765,45.577144435862635
0.09232802480832457,0.03699769014570599,0.009523048984382488,-0.004659289749295107,55.055789242321055
0.13106944848042493,0.06006025943146718,0.002148814843175673,-0.007593410399101991,12.709469676160335
0.10309907600280023,0.05000011575991392,0.006611221087564604,-0.006432737669372503,39.22397351874612
0.11361873627432524,0.05087689830899143,0.005284655624498579,-0.006534973807920404,31.804103576047247
0.1340486583044666,0.06349719193612077,0.0013624796896643384,-0.008303515189827304,8.077522118559884
0.08197457109952329,0.03956850128909929,0.009849835705898589,-0.005090820305680449,57.983483702223126
0.11549886866998092,0.03299810809269133,0.007423285402650569,-0.004226199393890425,44.87802644140912
0.1157014725608838,0.05021525012438659,0.005217911703112609,-0.00653120874856772,30.9999981474841
0.12177534215828179,0.05264473668919019,0.004179559324123573,-0.006783630016970006,25.153875525634156
0.13533718472135423,0.06208108073445742,0.001392648959942077,-0.007891674693459425,8.138495654773344
0.0962712442303813,0.05416830959662958,0.006971096883974953,-0.006851956017220183,40.5981830110133
0.12330491521329451,0.056541419049469306,0.00364909859266367,-0.0074930234320483395,21.892249068398154
0.09703785123888516,0.050907278489885195,0.007188588727179663,-0.006320807798973974,40.23172028869379
0.06655621899779737,0.027785625505401732,0.013503973902477803,-0.003542589579588612,78.49396931877087
0.11558006798664616,0.05806681850514849,0.004291660859867677,-0.007343874148520127,25.461296622824488
0.0922457937545641,0.043999357814244605,0.008449257684124948,-0.005607935983862721,49.814534270031515
0.12760253175696845,0.06248690601706119,0.002372526785805043,-0.00811297855596926,13.826743900323269
0.08278691125961785,0.04424664869585078,0.00941316084452453,-0.005582405437411165,54.27980523086042
0.05384415937555697,0.023087327212392164,0.014553120280338524,-0.0029228690240264586,82.9031571501875
0.12995211443648275,0.06398177100104503,0.001793232800717694,-0.008195296592830649,10.632445447151568
0.10263500610758063,0.04626257967500943,0.007020026787487818,-0.005869375458948857,41.83030011686888
0.13121584800376884,0.06761260540226263,0.00111002694832637,-0.008426641161193038,6.369834090134598
0.11272451998033536,0.05899844064868477,0.004504938087391448,-0.0072997073231326195,26.50280560047262
0.08338639026613612,0.05280594512339038,0.008676687644565898,-0.006471559114318564,50.24243083275274
0.13387961876387044,0.06324615235945953,0.0014005265504029468,-0.007996537898402293,8.288951521971688
0.11678683046494805,0.0625163989674687,0.003457411614767322,-0.007699066810122556,19.576502597586604
0.07877312537268767,0.041349910986056164,0.00986423000048521,-0.005261199888322181,56.52357686165419
0.12551518840846232,0.05979265083146814,0.0029412149872695024,-0.007667423486148149,17.776813609878502
0.10780167520056287,0.05594027717874052,0.0055922833083531225,-0.0073165429933121145,32.150722884470014
0.06144811652076437,0.031778186990840944,0.012560613184721995,-0.004146360139435613,72.2453099669906
0.13291243953855292,0.05444179910692779,0.0026993428537262104,-0.0068997447520443185,16.167646040572915
0.06667810061551051,0.026920711500744227,0.012902627326099383,-0.003636128589199839,73.3390956673944
0.0809059122259347,0.0422743110535934,0.009621614546055136,-0.005165565786487082,55.49675142931062
-0.00643136263297066,-0.019403869468515127,0.02470493955562082,0.002578794933059244,137.21594498216845
0.09068221958339012,0.037344997790577025,0.009503055929704332,-0.004797406649194274,55.17515945073273
0.10311940636197962,0.044197984861750673,0.007309464874893672,-0.005697860127974622,41.62208355627406
0.05585497247054346,0.017002115403647315,0.014931714599555494,-0.002232386390383611,84.43487111650121
0.1100893537617176,0.05166316147571172,0.005390785529269502,-0.006279928168294645,30.84000689473962
0.11884818700243005,0.05692212648769062,0.004044881610092293,-0.007364927111189619,24.552159113519096
0.11104199181156006,0.057312419073286734,0.004661479955880299,-0.006983983479126991,26.613424311894672
0.0974360500836385,0.05106285075519277,0.007058365031602178,-0.006291665581563826,39.36733626586611
0.08238394748059101,0.050892033873833634,0.009020821614861532,-0.006307323819728339,51.64546695488467
0.07735443439077073,0.04017310547008069,0.01044761331551317,-0.005148760711164129,59.708279188544545
0.07643203799885114,0.04208275865911267,0.010377186202031242,-0.005412885366639713,60.626347415337065
0.12492268411714104,0.054485576409701,0.0036213250669960666,-0.007043586610351355,21.833813968340728
0.06099723104431274,0.019207183836559238,0.0139718906909637,-0.0024217219847741476,77.9920983540398
0.10345245189649387,0.04529222859483975,0.007089473336418947,-0.005796666976006032,40.988054675781065
0.13589382443541323,0.06420910782653014,0.0009729526572427715,-0.00814502845426629,5.639563617672404
0.0965780384496206,0.050087744456419746,0.007338923692642535,-0.0065127508889980396,42.290713676611794
0.07339809420536045,0.04336421721619706,0.010338285960200663,-0.0054128847920228715,60.10157578060239
0.09657245209976105,0.048630327159832815,0.007473027667597142,-0.005964202698003098,43.28830637776481
0.095569277160141,0.042994368354528995,0.00828146246040795,-0.005489291272197343,49.08356706048476
0.1180534973415826,0.060770974350289525,0.003550733764973008,-0.00750119490507516,20.467979956316356
0.1320859285370292,0.061176272373006435,0.001931762173008812,-0.00794187379837229,11.675519629066258
0.11382552738616963,0.051744431077504614,0.005196818219411982,-0.006529872756127597,30.69928142126412
0.11469503979713658,0.053334909484301564,0.004969789096839047,-0.006641467122433981,28.27062211178421
0.08273761342617839,0.04453742365980783,0.00964521972045071,-0.005757399178208647,56.040696725141515
0.08023016786033926,0.03983335373365473,0.010253569498035553,-0.005154011317567825,60.06788474402087
0.09807957868237598,0.05498364862544962,0.0066005101066218316,-0.00684049587793957,37.936638926089984
0.01338191802424619,0.0033303884779409187,0.020876540177106065,-0.0004431196158270397,115.70193641708154
0.09498833668123878,0.04672754248495266,0.007640230303430065,-0.005866683209382204,44.60316447809174
0.10001179386945257,0.04262937077961361,0.007670289693190355,-0.005495315303640137,43.534454899855945
0.06905093748519475,0.030174813507851617,0.012260738240072082,-0.003816522196469925,70.39020698558383
0.08549109734778342,0.046617330869001494,0.008904260536927723,-0.005777474629547464,50.886454436046755
0.12324521967242774,0.06446281862596098,0.0026334144978909426,-0.00805583901706129,15.470556970927642
0.10180151502764859,0.02717986167773784,0.009434516701129783,-0.0035787337937050615,52.06004541003778
0.09193255857104927,0.04506216821030168,0.008369787505759936,-0.0057614008341804294,48.01297515096589
0.13297362001729132,0.059038972396291384,0.0021131771095937554,-0.007634408425056931,12.420537490520598
0.08839241355643214,0.03648932905923815,0.009739827535407265,-0.004915874132739775,57.12420307292262
0.06934760352294853,0.03258885932279362,0.01202854555557019,-0.004171217776259534,66.89733308394887
0.10575708668234136,0.06432571330059465,0.004596907547927522,-0.007690883685583894,25.669018812359734
0.1264308078444151,0.04471340803336245,0.004664431161592631,-0.005597392095109272,27.40581655724643
0.082379296804418,0.03865005539358893,0.010172788619731017,-0.004969106420717415,58.55521285495342
0.1307585428873814,0.060889151540161085,0.0020336395040300463,-0.007642593489981087,11.888575106737525
0.08567369530728224,0.04840498972783697,0.008799957436120252,-0.006360260357858403,54.08152797902511
0.12260479913966299,0.05365740015308936,0.0039892202007109365,-0.006691015276392697,22.841089377869537
0.10738915214388008,0.0472063868247797,0.006563932951579856,-0.006094474379112162,38.90129348154761
0.13088267391920325,0.054309579536786196,0.0030866392662958256,-0.007138106420853897,18.027449054047906
0.12204351970706263,0.06337910184153339,0.002775363897236486,-0.007707159216994208,16.208330894178857
0.07713247320498441,0.03160167615014014,0.01141214230172571,-0.004034344076562677,66.73216423139155
0.080564373929079,0.039782342954836215,0.009762079238138805,-0.005091754157947412,57.28494049048309
0.07417039081676088,0.02623854333361857,0.01214919270878146,-0.003339706024027258,69.11361157681922
0.10646024965013853,0.03719754973883169,0.007824568804939997,-0.0046304786923465745,44.87420046065369
0.08813006353101009,0.03136167319006026,0.010542432592911651,-0.004179373963985671,62.1848108937091
0.11973732489261506,0.057588197057411195,0.0037867144869235553,-0.007243570026857725,21.867989660912162
0.07849000711485872,0.03313280314345031,0.010794825882011272,-0.0042747625489606604,61.92174443986064
0.08932046761463794,0.05135703648055648,0.008017308641804157,-0.006290083165952517,45.71922782967783
0.10190787706453278,0.04785289289060104,0.007303259927423717,-0.00618590820301397,41.8801888978792
0.12356169568503378,0.040215705605680614,0.005863265740081432,-0.005320751162819401,34.951357697112
0.11044610262785909,0.03812398262985412,0.007262932700443061,-0.004667957307424236,41.016004458332176
0.08787873277238492,0.041422434086974005,0.008998691982202291,-0.005275343245018176,52.20700410755617
0.10455517271730604,0.04081791867165119,0.00752014104180086,-0.005356069515744967,44.92507931118142
0.1382204775937481,0.06904202964445337,0.0,-0.008512058632865296,0.0
0.09978832894715954,0.054959802519339025,0.006357640583060684,-0.006727478114846933,36.05525603900179
0.06669028658507899,0.03312151755166661,0.012110070050062424,-0.004208550886950557,69.10293028306114
0.11069841249981421,0.05362671461043794,0.005294030908164198,-0.006886522835195366,30.792850588739654
0.1101843057226407,0.05651959865177124,0.005146841491059283,-0.007238000681778131,29.85477060074994
0.08420491544968192,0.04499869179230207,0.009064756868243972,-0.005678161595118893,52.57116519090596
0.12801730958398322,0.06864418235796074,0.0013677562067991645,-0.008268113466171862,7.703481978985206
0.07609014482495731,0.03314498887058282,0.01124057908953901,-0.004274444851052605,65.98719464113046
0.10933903389930599,0.04752237165848313,0.006319940521594181,-0.0062405628289964425,38.05498665187861
0.09199544268811113,0.04378756168303272,0.00846984139818013,-0.005564651228824129,48.02317674191948
0.10006493948143588,0.048428728415044794,0.007349384952879797,-0.00612920655154942,42.95054712519557
0.10759713723961663,0.0637455449099344,0.004580077970070925,-0.007690896271733471,25.902688688129288
0.11484397900990505,0.05940645481418414,0.0043043174332212854,-0.007806876466985701,25.718441582447113
0.12937318453394095,0.06422840932787922,0.0018571894685122901,-0.008104535167105822,11.15328296491366
0.09197450618980436,0.048198972713363625,0.00797513850760707,-0.006088128315842672,46.23773085973688
0.07518287844237564,0.0319180794466431,0.01151815595982242,-0.004259063110944093,66.09519825843519
0.0735436008564996,0.021595556356739536,0.013183915711799613,-0.0030235849199171526,75.54957828425842
0.09740756540416587,0.03974024084182163,0.008280194600330517,-0.004916795117701077,46.91045488481399
0.10755012317846106,0.05078234958444792,0.005877839951777054,-0.006369885545739531,34.54408325480902
0.11941437459329243,0.05985587986123314,0.0035716759165926332,-0.0074098999555694475,20.983527859054114
0.0950852686730093,0.03451408019928439,0.00936110178181717,-0.004523155659155281,54.817963770344086
0.1055079343471763,0.04887129315425708,0.006317829405009943,-0.006093532343767055,37.07976844858288
0.1278334842093939,0.049680535480343756,0.0038933323304955465,-0.006231813290281116,22.753470353484765
0.11673265969835087,0.054471131031221164,0.004561539483336902,-0.006881494661550158,27.144629197465967
0.1026392831158383,0.05258065099178078,0.006380487342344577,-0.006779184608054856,37.77647988873313
0.10994165308380031,0.05310837394742038,0.0053330420163805285,-0.006700793254392964,31.087091550896865
0.07110824926267352,0.036016430412040695,0.01104166588363071,-0.0047293335697697475,62.65278135130765
0.045809771619266,0.0127496070378465,0.016544467577181227,-0.0018644297104021227,93.45509882151492
0.1046816992671822,0.04374961315764452,0.007517024280407933,-0.005614866241689615,44.98408215615834
0.08537507382094704,0.052151734403490135,0.00874391210783584,-0.00639650759935004,49.02694756893193
0.09599882639151465,0.05329058731722221,0.007027652746540643,-0.006939818945021074,41.2798784202341
0.028765983313285823,0.012342445084633552,0.017613860040621283,-0.0016491940073802285,99.38767611782082
0.10446176087183154,0.04968095894689288,0.006557516545619858,-0.006572095346815921,39.06546189633682
0.08668381723441788,0.049351439202748225,0.008424120073319313,-0.006137550054124251,47.65814410186609
0.10747790451681179,0.047166698626825904,0.0066236704933274855,-0.006253065444099775,39.98391132433262
0.08538019768686536,0.03105904998614338,0.010829489859975687,-0.00395467815490695,61.96441456169046
0.1306022996529907,0.06635207221429262,0.0013336392248361544,-0.008311355940116272,7.729184377578062
0.12555958125783137,0.06502786555947879,0.002092050797784532,-0.007895199434072216,11.649010754247618
0.08540014534597667,0.04198951586225631,0.008960678066335867,-0.00525723679958739,51.81974084075104
0.0939870175342488,0.03688585285734838,0.009384152232134412,-0.004811008675182488,53.27304662080019
0.11768800608892369,0.061118092588915,0.003491931651333389,-0.007344687081090542,19.86444920237893
0.08327057241905357,0.04692715747353045,0.009111767969973884,-0.005951583174641749,52.92004813676082
0.054567744585369816,0.023195022861120927,0.014133021164839837,-0.0029825242666945465,83.08478434749325
0.12623681511173215,0.03559821151578829,0.006169205265266418,-0.004731887578321814,36.75573859768166
0.13028097734651334,0.06307980891418985,0.0017833535296426723,-0.007822036119765235,10.375977140241512
0.10199229893026178,0.05397124569877882,0.00633495905186055,-0.006833739863147414,37.20045544545511
0.1066642840709898,0.03503275830896922,0.008070123086031144,-0.004546837756130299,45.69189296627443
0.12869474451961724,0.06667419710004294,0.0015641747472971556,-0.008345175244123367,9.070726853001846
0.10419558899267617,0.04382879539845848,0.007243981321872079,-0.005669987462463299,42.81625418422271
0.13217475848723373,0.06375302720335756,0.0015444995813167154,-0.008211151778992202,9.199050111734563
0.10487920218481273,0.06002288116211154,0.005200324204227613,-0.007243249817449837,29.514037306383077
0.09171732286021508,0.04620122226063949,0.008172119588514166,-0.005940286975661446,47.49319967919469
0.07460071751513206,0.022389147352062273,0.012619999127987686,-0.0029472225580819723,72.83321097301777
0.13924157948211877,0.06823408615488293,0.0,-0.008653881277955152,0.0
0.12261426150435265,0.055914385507759845,0.0036656545179120257,-0.007167906506278176,22.215254199624013
0.12271862890140313,0.06501155946654179,0.0025429709242572813,-0.008073993062785058,14.100975794227661
0.09463990760069747,0.037644886880876506,0.008991143740978355,-0.004876533887625497,51.82671982814633
0.09518596673130468,0.038769388157528895,0.008919691760642527,-0.004822149408699412,50.83758619956656
0.10458434774755905,0.04264228455213958,0.007361550589701852,-0.0056004685117824965,43.374897148579265
0.09907533477619793,0.04817540350674052,0.007275082310886286,-0.006258141146879565,42.41811239070657
0.09297514119718321,0.044459072886263676,0.00835778589636098,-0.005607481254826487,48.55643248072755
0.09004436732102228,0.02870914623432314,0.01069454997846753,-0.003888711549892018,62.753686739879626
0.10378508271102835,0.04480203271171596,0.006987913825342298,-0.005722530042204787,40.78526952538833
0.06588006990744741,0.022255949958978578,0.013467517982984716,-0.0028494291484576356,76.55365336710993
0.11626100436010234,0.061751748864016055,0.003717094830890529,-0.0074828451263966814,21.118685263196433
0.04604160737665851,0.02128295998245265,0.01592332834290046,-0.0027045919650213702,90.37232150534248
0.135856257357195,0.06357921318559213,0.0011895380106323676,-0.008178777171402538,7.167107352824559
0.08556526610283585,0.03367829578937968,0.010321270655094784,-0.004283904500570807,60.005336713346225
0.10193811548957164,0.044697318486913114,0.007634773242072166,-0.0059444289779904584,45.308207731534296
0.10024790418918525,0.052463454226211924,0.006490381157346697,-0.006305289126024863,36.87064094799362
0.11317148618367384,0.061546369455423716,0.004073411608535295,-0.007558741789935762,23.64689475052287
0.12710485840311117,0.06425813732956433,0.002079151927615186,-0.008026085118530143,12.165197746937372
0.07259131228262881,0.02973717229281939,0.012154064981209795,-0.0038543626226718967,69.49970138347197
0.08725357438369793,0.04702681885125252,0.008650191640297664,-0.00590454059857098,49.95148287994046
0.08421691877599055,0.05220501208450317,0.008429971693147874,-0.00648838955403072,48.2022115959642
0.09310311249746751,0.044618670596510104,0.008212162323278304,-0.00574032580865116,47.77039626851742
0.13581260381227328,0.07114919902413773,0.0,-0.008573021865058946,0.0
0.08983977208402212,0.04301229655932165,0.008716491819200013,-0.005321617449743897,49.623385284651846
0.09686349871832733,0.038975883809382966,0.008828292468521931,-0.004913215179142238,51.583987836991945
0.0719019256687724,0.03714638627000215,0.011266404429143765,-0.0047803730471159345,65.15425620266815
0.07538628933698602,0.03819007463209586,0.010674029197388215,-0.0049283271130412904,61.81958842328387
0.08179689973990882,0.04056627449783357,0.009902342961355554,-0.005245564378836279,57.371199507470195
0.1323391443261556,0.0631287081823032,0.001571925014198223,-0.007964981509173895,9.29843826402359
0.12075604713767267,0.05378557018396946,0.004251317971045062,-0.007141159087017002,25.626430217600106
0.04300500869173566,0.02621302683968417,0.015107551115804616,-0.003548621034500401,88.75021037594563
0.08874436240626063,0.040612390257754316,0.009124858259894949,-0.005125843953375991,51.68501504503659
0.10720650506019364,0.046364764651461214,0.006680852160487914,-0.006011009206796632,37.65425859513867
0.11036351232455241,0.0482447108609312,0.006171915910149226,-0.006497784482778537,37.25918952741513
0.11222021717207001,0.05778542296047617,0.004586143251754009,-0.007120389357459586,27.031058356724742
0.08452196720609194,0.04437815220490703,0.009153509390661159,-0.00570928729623423,53.4164234049373
0.13318026776025638,0.0654718024137038,0.0011667805059122295,-0.008363254165149105,6.92973283004675
0.07911609991412534,0.03302475060480721,0.011324892834548794,-0.00457246193107638,67.44884625570116
0.08360065993419,0.04316850479209912,0.00953947050017325,-0.00565761503834158,56.09721334417168
0.09689955178162465,0.045093567059213926,0.007859849391554607,-0.005769274263023073,46.65732484615957
0.11504795942847401,0.056343786274417135,0.004604865103196314,-0.007141452687733831,26.18441437808141
0.12157152555816107,0.053221312042195566,0.00415876563304956,-0.006767645268360876,24.36936015161237
0.06265287115911818,0.02632345372818253,0.013207965243087287,-0.0035294161483315945,72.536530576834
0.13385617868146357,0.0639933073548194,0.0012884150184243432,-0.008215322211083665,7.384353633414802
0.1170010089327896,0.045974182143953476,0.005585271910713289,-0.005988556983645166,32.61502642822494
0.07196483037195915,0.026876809653700588,0.012556095631671623,-0.0034824554364177346,73.11556622715132
0.0958551834750584,0.03270750856958258,0.009549516178807418,-0.004265354186255129,55.94610974879181
0.06773576484006974,0.044161117778250554,0.010763723454128663,-0.005594784911821348,61.200850100461004
0.09308107413259277,0.03915751880256124,0.009206241944380076,-0.0051523785731654595,55.09110565223287
0.13091634071639804,0.06755693764112483,0.001113294935673842,-0.00819697195345082,6.498282220567245
0.11569953549680972,0.05583014889029462,0.0045842793182510645,-0.00723702457833499,27.26175400747249
0.12672349553330792,0.05336320391376464,0.0036625410027499167,-0.006946378583978521,21.37177991768205
0.1287678918004714,0.06503038880853342,0.001774734592547201,-0.008236254677477631,10.372086247215314
0.12030149075346168,0.06131793060054109,0.0033640487910498403,-0.007831357690405933,20.200508526546052
0.10074170301202355,0.04061167310428283,0.007910778379016764,-0.005298920452707155,46.77371716014015
0.07233244680455785,0.031988304853778605,0.011638465749184757,-0.004102074838223533,67.9312780526706
0.107257680908983,0.05391323416323689,0.005627308884468297,-0.006755065619515851,32.33161578997149
0.1268701588857848,0.06314107274959195,0.002275574322229537,-0.008006537405514755,13.487133798807099
0.0841358779476903,0.03543462648873972,0.01061075133486786,-0.004766317136891511,62.29709908675138
0.11192822076491643,0.05094242058097014,0.0055315919228152675,-0.006615172358160432,32.106966886047154
0.10127591576558345,0.03296129781334279,0.008745735713197447,-0.00414028801820571,49.27193838885388
0.11797780957971055,0.054677946172600814,0.0045796275327408065,-0.007202106505569127,27.2642217351207
0.10105162075615975,0.049627058387553165,0.006975214294872727,-0.006339685647901643,41.424812538025755
0.04623065129465837,0.020463487225312008,0.015621178627727654,-0.0025291357915024383,88.53048080019536
0.11484031096492898,0.04479846793426028,0.006119145131101436,-0.00580057206711912,35.81391749949967
0.12427439425323389,0.06564880436916126,0.002228116291374009,-0.007979907425758073,12.877876150792265
0.10249065698791275,0.05226194097785363,0.006363236995514421,-0.006675474012380074,36.42917986661687
0.10630531239597181,0.05490735374644821,0.005611345796698514,-0.0068639215043123075,32.54136473026292
0.09290149950526827,0.04204231689139563,0.008622437844703191,-0.005412669066782747,50.57734423170676
0.07746769060524583,0.03754632190286124,0.010626897837096002,-0.0048512658185826535,62.22429572290031
0.12085938658635383,0.06146302825997014,0.0031303559636544844,-0.007661592197939194,18.452964084967885
0.08443362742741538,0.040800512186463495,0.009375363511082183,-0.0052423927023648835,54.60999679970333
0.10200276054853408,0.053129885046186764,0.006210872072934311,-0.0067420837480618575,35.319832365728054
0.05105508951254525,0.03237822560400438,0.01364875237205169,-0.004252953748304425,78.41379091496057
0.10208087824307968,0.05808929664683238,0.005751358150653959,-0.007284850041366937,32.760999649998254
0.10890991611826918,0.04622179456573481,0.006386162590392581,-0.005979860663908595,37.98674850026591
0.11701091156279599,0.06065981321935196,0.003756390175886604,-0.00761888265858145,21.82916423654198
0.09611780486157731,0.05515556276448352,0.007005654450041885,-0.007088613643354826,40.74507091115834
0.12962661403289985,0.058775428437212104,0.002585594267281486,-0.0075312233359038265,15.176550440408942
0.0918154829922283,0.039093449320211374,0.009201623668412554,-0.005051635577835341,55.120228491604685
0.06779356050166802,0.02855906653395899,0.01299806701215785,-0.0036013548905398122,74.18328889472271
0.1117307386322427,0.05517229507030516,0.005008971040043009,-0.007147397526841291,29.50019153903123
0.13235957171203805,0.06480713785519364,0.0013675557651962678,-0.00827694444293161,8.208668988887522
0.12737869048953612,0.05685268510772993,0.0031356043347898765,-0.007534247935855558,18.76494728449737
0.11405210603653328,0.05321017682533742,0.004966600814674975,-0.006822273936644781,29.240716633373147
0.06981860115202573,0.02385619113158849,0.012622485020328667,-0.0030726874314197313,70.7100741483519
0.11709902400088443,0.05193083947032254,0.004974179513159256,-0.006789144784911315,29.179297974532442
0.11931750426706488,0.05183611328470274,0.004695363406582869,-0.006803940005891639,28.283311070357662
0.12268082551351304,0.06296351550459356,0.0027308379223901073,-0.007762500078952193,15.424838990781911
0.10024550994338062,0.040310285518342655,0.00772944963623038,-0.005028907680601496,44.30298765767887
0.1253694379880927,0.062007522967194625,0.0025821887833175515,-0.007944228248749791,15.035167968841964
0.11523423542297755,0.04810112868294144,0.005523813368286038,-0.006133586490904533,31.95280172362451
0.0236155610493765,-0.0006619465200500256,0.019781817790951204,8.667930594054646e-05,108.91320649286531
0.07172088099186108,0.04219453189303953,0.010975037961926603,-0.005363571042878089,63.29566489677178
0.12879300206148955,0.053056890935803236,0.0033092751518132377,-0.006697789492260488,19.40728513379801
0.12791481609077057,0.05773666547061598,0.0028660722361253934,-0.007420282608518625,16.92197660756208
0.11587835270812721,0.05560163486031939,0.004627920433808277,-0.00723179152162568,27.04300906460907
0.11232726933429721,0.06244474874604599,0.00401243127932079,-0.007643028786836082,22.99329923206198
0.0956577935396987,0.03166947218237472,0.009421905600525603,-0.004099090585587812,54.680721551841565
0.09126410322645032,0.04747512062538185,0.008083844785871088,-0.005982216320252869,44.1515277785764
0.09310881602166934,0.054780273942303774,0.007001833208601751,-0.006681448894950298,40.35025007952923
0.08020138685554372,0.03316705915261617,0.011278760171423511,-0.004339872930146426,66.69807984860165
0.08662969349537011,0.04148195628251786,0.00927037864729589,-0.005373026061994964,52.84148444240665
0.09284298573295624,0.03809124415084382,0.008910538955216514,-0.0048324477657306865,52.84666086442862
0.12261355308844181,0.051719722990684135,0.004099359813839005,-0.006411860597704893,23.841289549225973
0.09908301498758526,0.032948665386274036,0.009166137524052828,-0.004310226458758127,53.637827987957685
0.09177199879650726,0.037158554137669886,0.009037697832536589,-0.004735749617889827,51.152858508653935
0.10421466104322073,0.04799912636802151,0.00676489464388819,-0.006382466061646183,39.39722035444781
0.11980720982671017,0.05318818992663618,0.00442689550270337,-0.0068025319032370465,26.041341350383203
0.11940412557838014,0.057402971666089,0.003805770740747924,-0.007121051169614572,21.453134326805223
0.07836769346106197,0.03292490279564401,0.011038492731250463,-0.004269567948825045,63.265687431242675
0.12120706774706946,0.05708657199754394,0.003806998966151508,-0.007264096397105316,22.175783097391754
0.10693806015441146,0.062028160615846206,0.004732272918480243,-0.007528589018000264,26.233078489849746
0.13425959252105077,0.06848003171530849,0.0005958993321851134,-0.008479776350502729,3.4715229551850397
0.09606644122367808,0.05281024462267545,0.0070901461304977275,-0.0067103307165323565,41.13839247224838
0.10444255168968103,0.027899008762953727,0.009541608759528544,-0.003732639993482004,58.885589116495495
0.004303048014446994,0.021847946213024192,0.018356651057371828,-0.00296182897073551,98.09110520166065
0.12936423315122858,0.0577104746319187,0.0027813466626404864,-0.007506961903264124,16.451418949668213
0.10962575793789205,0.045578871777834026,0.006596564462233007,-0.005979922672933094,39.79507455508965
0.07881108541362891,0.03396253837750192,0.010948932692040768,-0.0043868662956835815,64.07527465233755
0.05735914421736263,0.028001909945806123,0.013160869618737721,-0.003602829615277449,75.60699513759829
0.11356315046488054,0.056151154900102605,0.004645914631158204,-0.007056491070418839,26.857275378396693
0.0986587703956064,0.046725607008782845,0.007267804462595279,-0.005670339469254998,40.52069700168857
0.09375008287735634,0.03862505610488965,0.009093546130372035,-0.0048802679064256565,51.98537294872451
0.08639039278611804,0.04944700616694442,0.008395703813542887,-0.006325974825024956,49.34472781446953
0.11062463901034958,0.050401925990999324,0.005570861268684291,-0.006241790095915496,31.861315534496512
0.10483313237877022,0.054822229709138345,0.005710764358686258,-0.006813958254558327,32.80079997570574
0.09219937141600136,0.03348073983261227,0.009401866265547646,-0.004324634258239037,54.09083763685817
0.11722052322537084,0.060973417321336314,0.0036583293605400367,-0.007744902688487155,21.415202041756558
0.1043791238367011,0.04137539433212306,0.007684181087324268,-0.00555518008177149,45.743492086678714
0.10792888269684674,0.04099302131373483,0.007212274170315673,-0.005308388611755768,41.80592408232482
0.10768426924697733,0.05454501428052313,0.005634533140338366,-0.006716502108907241,31.85448940538551
0.11337976630618483,0.05937530012837214,0.004200106792502867,-0.007266828224312544,23.822547573590185
0.13115765199589005,0.06229872426599241,0.0018208679971985092,-0.0077607662887548634,10.674931148898086
0.1123917956143274,0.05566434738625087,0.004920752836382157,-0.007147693529767081,29.35874145662811
0.10282643607324586,0.044106403477522045,0.007240482122163926,-0.005592657668667968,43.14243905919644
0.09872090401447797,0.04706958696113811,0.007447304290938839,-0.006242759492781426,44.23946550391405
0.10873652608134367,0.03961586334823618,0.00731010388501603,-0.005113098990823786,44.100009743788526
0.09842710589844877,0.027034362916458377,0.010147916494943914,-0.003694177803503598,58.8142553596123
0.08340214688715546,0.03966717819866434,0.009779520157197664,-0.004961181301066578,55.13627950275469
0.1109931858371544,0.058483076929193696,0.004585474686871516,-0.007057397730390684,26.381093189002314
0.0860197409225805,0.04449796562004467,0.008988946350722228,-0.005519888448654989,52.845702191677105
0.10648649389993947,0.04553154946319878,0.0068861203586047,-0.005780727552370859,39.051365866805035
0.13800052823050996,0.06926491040861392,0.0,-0.008599994122469683,0.0
0.1290615276076948,0.05605807805978204,0.003039203312637006,-0.007289756942345667,17.754127007565938
0.06405255549130731,-0.0022672971302692842,0.01699642839295354,0.00030849020290616883,98.21132877108798
0.09842302771394133,0.04246470154331454,0.007820002102289903,-0.005167010079323095,44.68367810075492
0.07921963692458175,0.04666834549425164,0.009449159630624177,-0.005589087058525002,53.62540147269929
0.11552735554116193,0.0575899934814753,0.00439714600671152,-0.0076336614305717735,26.39337766631442
0.08729207244233582,0.04169484723901415,0.009386927510613732,-0.005413810802332808,54.97053869000395
0.1184349303766488,0.05635828171880921,0.004196875759973725,-0.007264397391308246,24.635744433169513
0.10893121164566971,0.052596214317374324,0.005745105110189713,-0.006832881504083809,34.61106005156939
0.13074945708028035,0.06258680389294442,0.0018589947293542238,-0.007983158057379869,10.82851445029807
0.1166575211446309,0.056520853206429134,0.004386697018843584,-0.007236760582918117,25.403346696499444
0.09389994962464049,0.044552484459972876,0.008450624973522626,-0.005879359716442143,49.23131467085854
0.1165590550827856,0.04937036693316984,0.005157529182476059,-0.0064069138075007045,30.90359938533996
0.07140334971701913,0.04384919119997995,0.010597618938246373,-0.005714632989035902,61.91962599846894
0.11301014105833575,0.061843034668688374,0.004010080993980455,-0.007472831588756226,23.58274096241635
0.09782451803113605,0.03978954209048604,0.008233604480326158,-0.005023267657247492,48.23532277553167
0.07283894199218577,0.036891745889899415,0.010982739957772495,-0.004853612969855779,63.33660315992479
0.11593403444248461,0.0518523762905955,0.004891149668507167,-0.00665073202837002,28.792689945915765
0.11829635564783557,0.05750665265395053,0.003933652482878331,-0.007260007810911477,23.129034114365176
0.11192415049573051,0.044082069612647545,0.006420270527522902,-0.005710086551660995,37.792476823655676
0.13582787390037102,0.06625855442429025,0.0007624411614730784,-0.008389895857630537,4.452075318792706
0.10662466706115607,0.040309710130095405,0.007369793302368454,-0.0050976606330679205,42.675548347811045
0.11494876118475655,0.05448367904951375,0.004777037300337065,-0.006934124188634868,27.68569995402052
0.09861757336455997,0.053090867088315674,0.006773269602217571,-0.006428572954121866,39.18933648051576
0.04426864126154694,0.011588407854428244,0.017684320721978765,-0.001474925824643391,101.61224118133575
0.09677502393638229,0.0390052405159341,0.008540171401295357,-0.005048970109065034,49.34965396506602
0.10102413297525825,0.05510989123589916,0.0063405600102285796,-0.0070230712593555115,37.113403284708575
0.06904781913439995,0.031247321756940137,0.011984163922956441,-0.003989698957764756,68.82097372428233
0.08849800294409188,0.034074551343194384,0.009890826826805674,-0.004315577428718684,58.078451610628306
0.1105434699531025,0.04397121902954597,0.006604806108739008,-0.005639880596180254,38.98475722745838
0.10400376156080497,0.05593420965593214,0.005818867631295413,-0.006820781828072444,34.007488173603
0.12645202520086898,0.05817055810795139,0.0030583536845475395,-0.007574799256412793,18.770441347311376
0.07913968387059793,0.03824564099616985,0.010521677932663811,-0.0048610087463506636,61.5640964715126
0.10315221643490353,0.04874126892298464,0.006738105149079263,-0.006259867586747309,39.4078094880152
0.08399025928594794,0.04015390592427252,0.00947809783285245,-0.004892172676826098,53.576016201951234
0.09474323956435678,0.03454899310885425,0.009242663429934512,-0.004361722474136742,53.044877516116735
0.12744861496031834,0.06212434246102331,0.002231608492353223,-0.007506670938847525,12.647839483857812
0.10541831878667744,0.04250873768742455,0.007169138367006897,-0.005533959985139646,42.28631077948934
0.11053364348355725,0.04810568420349466,0.0060046111873120886,-0.006170137322744895,35.5641620630022
0.1177901967437461,0.057081219155132555,0.004174854408402457,-0.007132006324637281,24.35188347621796
0.10975619103058372,0.03299780071867442,0.008106138002811666,-0.004204675972180601,46.77256718815933
0.09514143386769587,0.03284083156328073,0.009507959058212546,-0.004227277402446153,55.23345400450789
0.11914394601847182,0.051234706645178735,0.004694648576087674,-0.006584937715100596,28.351664038913285
0.0820050650797828,0.04213224147526783,0.009889840024350461,-0.005498440114210462,57.69349285162384
0.11239687820733699,0.05337963277274547,0.005278581589513205,-0.006949963273358214,31.164304617044984
0.10998818724022569,0.059926376421286065,0.0047615230952693785,-0.007457512128196483,27.494509874895137
0.12450500344673555,0.05210046827765386,0.003911945597616346,-0.006616749174241277,22.994027000570206
0.12474844587470639,0.0547625522431027,0.0036935713298964674,-0.007209640364187807,22.30051797748306
0.12545328374154427,0.06660863853420801,0.0019745116157850757,-0.008280833152248432,11.29086450369638
0.09974646654776717,0.05531899139425429,0.0065023713319917,-0.0069899668490507475,37.941353812486994
0.13523195314864683,0.06556850316700528,0.000914218217195099,-0.008424749810730376,5.440980602638839
0.13304150004871865,0.06460536809610083,0.001304582907229977,-0.008218339492360857,7.56264212550272
0.1252329140757046,0.055843880338893565,0.0034606088490131796,-0.0071324382654799085,20.568765109501783
0.12524138674515914,0.05521545716777153,0.003556880290591873,-0.007216710522726556,21.19169887162041
0.10901809572401142,0.04206611654822625,0.007050988193520422,-0.005519612811160716,40.673921875311414
0.1303921378882751,0.06066882487125332,0.0021411511083945997,-0.007675051609673252,12.5157977982666
0.12140629559324184,0.042941520689691766,0.005857486803559963,-0.005767859726611409,34.66749331337259
0.09450894206609349,0.037572130406062096,0.009068837237738695,-0.004877337474641098,52.459505669242255
0.05470310769375722,0.03596943823553782,0.012707043864554112,-0.004604317723868941,74.14028455549546
0.0734225244694116,0.0451249162223444,0.010222701382437922,-0.00568738155736936,57.92884129537656
0.08906688388789416,0.050461544282361936,0.008154790043677017,-0.006497662602780808,47.70149745727072
0.11036751022737601,0.04398640451643071,0.006608313673096663,-0.005606097967279381,38.527203667600226
0.13767764489286327,0.0695453941607296,0.0,-0.008541485557449649,0.0
0.10865246500512041,0.05342352827214247,0.0055318984947578835,-0.006889002843926862,32.67473609279682
0.09010211602603188,0.04774916601304825,0.008395799625075485,-0.006185567143309869,49.624575151950786
0.11565427926724894,0.05386961820667519,0.004626247704931054,-0.006662178786143904,26.8834261976739
0.10184168516294319,0.0547947722214755,0.006118527318535492,-0.006863399232909893,34.87080627704862
0.13725684415111447,0.06310044621700095,0.0010155678304888617,-0.008076917856231925,6.004792658492664
0.10602638387731711,0.04392584742033366,0.007037422302773294,-0.005781063086405808,41.14489482393392
0.10706552792304998,0.052523610098697514,0.005791879970183086,-0.0067381547817001765,33.258321432829796
0.10276422569522284,0.041903145456445384,0.007772894376720102,-0.005503421229567942,45.775450456918406
0.09471691800980624,0.04493941354408409,0.008110932621731102,-0.005671428162278989,47.3084796564102
0.11913195112603066,0.05540070146683743,0.0042157618970486595,-0.006991081849764886,24.3435964774731
0.10515755864099141,0.05450412865785423,0.005975616970124754,-0.007110876625566196,35.080365018136064
0.10314168785560994,0.04995524830723213,0.006475421596532931,-0.006205233694588609,36.3784399176268
0.10195804503329452,0.053207440727334646,0.006375624171361183,-0.006644786586571642,36.34262395976637
0.08954564592304869,0.03778921324305712,0.00962025087304312,-0.004864435203606162,56.283197300168496
0.09749695977608548,0.043521129349917004,0.008031976250572113,-0.00559955036434303,46.08233685134882
0.06238245322928761,0.028205677310026468,0.012938953975564979,-0.0038144980504844625,73.31683068138099
0.10465049259544597,0.047806622863780894,0.006813153831658009,-0.006072785227308195,40.85767300189292
0.13494201662722868,0.06728553120179297,0.0006818769092724353,-0.008407064450359691,3.978308078956031
0.03559115186118262,0.028759805009869854,0.015114041052572358,-0.003749141855024901,85.46168272836702
0.10022572093117652,0.053219577927225106,0.006376467717252063,-0.006676394982474896,37.355184142475764
0.07348912778498383,0.039951678733061866,0.010688728847396047,-0.004957429842043324,61.14083817953684
0.1180963617654069,0.053173067841394944,0.004609676747283363,-0.006937796331888909,27.478140403524787
0.08436846042553608,0.044346720013885836,0.009238507346353259,-0.005611160935161825,53.27541852898747
0.11482143667007827,0.06081676752119352,0.003906834260833102,-0.00751610093314547,22.30397933807309
0.0947255487604321,0.058552200679140395,0.006560119700087362,-0.007263007860701855,37.49340956844992
0.10693942776107632,0.04635207690200318,0.006375873910891695,-0.00579897426768581,36.89187565494743
0.1002752105410189,0.05265560331933011,0.00687539443191671,-0.006917318559342223,40.706700354761
0.104906345258186,0.05354350498502337,0.006285494806774663,-0.0071019489850845325,37.93735352659458
0.06897099090877892,0.031409329310034366,0.012408694240704812,-0.00390895312238859,69.84300559227671
0.1072974334740562,0.05295198775939033,0.005789472552970621,-0.006515342134779705,33.3882088162126
0.10491395124771372,0.03801980305383122,0.007957987595930345,-0.004887940204905465,46.36934415068623
0.07922786637246487,0.03948427163330452,0.010301607861655659,-0.004979833749175629,60.41296232169137
0.062012263497198794,0.03530163421361503,0.012034419966059987,-0.004498401575996371,68.8324875280125
0.1330698976841725,0.05676126447879389,0.0023237445112306914,-0.007027430196289558,13.536475431095303
0.10372340528211774,0.023669380931322745,0.00981182893713707,-0.0030114997489961415,56.85712721079429
0.11144876971983794,0.053958112314219486,0.005356271970891705,-0.00699351275341337,31.114965704227473
0.10550653357010821,0.03986778007101808,0.007657404031841521,-0.005210620201163089,45.11890968423345
0.10841654197415652,0.0430287399455855,0.006822103813217899,-0.005448495615785697,39.683384366311316
0.08855050059900867,0.05106836300724009,0.007871279224715717,-0.006115447238550809,43.98030307889776
0.12698187283313409,0.05089770349657062,0.003885985007543389,-0.006603401866099907,22.663077859488478
0.11066875273119307,0.061100637440562426,0.004536126522586908,-0.00788941005937584,27.13117870369854
0.10218463808491896,0.04010541560278052,0.008267251970558094,-0.005340714966322413,49.71850490150318
0.12277543491693599,0.05040277435242308,0.004190794677178941,-0.006188799464509172,24.618850088350715
0.05737209479093438,0.013301926852500917,0.016239510487518344,-0.0018362014987308819,93.15797027503957
0.0949184848526013,0.03573343563347931,0.009280454527646826,-0.004757621988843989,54.530818661816184
0.10485368344162553,0.04560715740559204,0.006879279233255188,-0.005807031179886368,40.27018206622942
0.1064390825328072,0.046525736650723605,0.006726707722309315,-0.0059336282860331,38.428325311249544
0.07522075019085889,0.04022002097175894,0.010239079137494406,-0.005221022030069877,59.678277702029824
0.13211553873527743,0.05775241860269164,0.0024570278861254773,-0.007459283097046284,14.52102920262149
0.07245882189237557,0.028672308228335185,0.011999199090391117,-0.0037481839661281627,68.29813743455904
0.11799246607820628,0.04875535286655809,0.005192516938031566,-0.006272355490039477,31.03759066259945
0.11663742408499476,0.048003359251613635,0.005386643494446071,-0.006167283867813895,31.362985736060338
0.12087650571140132,0.05260687122588559,0.0043923345029292125,-0.006758030252949192,25.895471406972373
0.12539206242404952,0.06101990939970646,0.002617105383293698,-0.007392354363630842,15.019724818972232
0.11856845527787405,0.06142445160556009,0.0034131400283895423,-0.007576488302469251,19.975538955179047
0.08336326755179145,0.043775867522460765,0.009405851767426717,-0.0055930946122941284,55.01748260250994
0.08263644026934047,0.030637036526606702,0.011282352144208571,-0.004119741146281178,67.98986879816808
0.100292292527235,0.02728406880867853,0.009939442419895778,-0.003738055825439067,57.911383363552666
0.11864910772397892,0.057138840056623834,0.0040331410980103104,-0.00734158032645864,24.117268470265536
0.07893940201200364,0.03576958164889674,0.010909213684478966,-0.004525949237591783,63.481253636463244
0.11396827107464959,0.04751241921615862,0.005749063355213222,-0.005997412377158721,33.63556903319838
0.05792737856172886,0.014421253052941023,0.01543255829446911,-0.0018940408087792604,87.68058624626207
0.0911576756659614,0.04190896144638084,0.008332589286015641,-0.005151092144199705,47.5424066715952
0.11372795380768715,0.06043253144855729,0.004233934974250177,-0.007801547621059922,25.077801797109196
0.11697883832409932,0.05662779097613718,0.004274747674102579,-0.007048170811039713,24.26198193173151
0.08454659210295914,0.047093620561667514,0.008806452613106957,-0.005987514346006042,52.21933573132296
0.03254866462191633,0.017852049232640534,0.017073284597183703,-0.0022488911328045805,95.0409122819137
0.09380518232760164,0.05601969635751924,0.006944167826868302,-0.0069794493359230676,39.32057854994375
0.13337003370492345,0.06451973462907104,0.001313189697491808,-0.008276005797178203,7.7085005269557065
0.11356187063213781,0.04865094272157037,0.005617670456805589,-0.006231367105945827,32.70023901796864
0.013955056469095152,-0.0064276186508606245,0.02145058543084844,0.0008404348182112934,120.4951915709051
0.05493110742674357,0.031261758748603416,0.013156701257655397,-0.004048476949283248,74.86671377004144
0.11919334858453054,0.06068453321524584,0.003423279964129819,-0.007386888585873031,19.572340695242456
0.10202580156444116,0.04645063719241694,0.007114465325466678,-0.005898604635574668,41.636243467808264
0.12394569961091868,0.06070041503549268,0.002945359549926764,-0.007759326280680631,17.21449579706087
0.12110944285512737,0.06019369556225047,0.003350121073281623,-0.007490638163278729,19.558053639994235
0.12395312115163325,0.05880459412923062,0.003211990408496401,-0.007554990328589979,19.09384042856751
0.12009444078479334,0.05017564418061074,0.0047552657304657875,-0.006555473396474629,28.57902592279455
-0.0027770142273409178,0.010301659211974441,0.020076671614597093,-0.001482165939177589,109.27388999608429
0.04397283839699057,0.010785327334690158,0.01637152499085175,-0.0014001181040718767,91.10305639284539
0.14031677832700448,0.06102320169977862,0.0010311437213105503,-0.007930590918387877,6.163465654181829
0.10501910655018354,0.05547214407797842,0.005876750075191481,-0.007156853451847807,35.08923371267686
0.0128628459540046,0.009664237554756483,0.01870990178977428,-0.0012955751099207227,103.69386381441882
0.13131232354345734,0.06336018219365447,0.001749395043599342,-0.008277197779280057,10.294489741749416
0.09882279567436737,0.04191430582330871,0.007851276501412725,-0.005408154061060262,46.06290123297469
0.0615392089674054,0.03694509783480942,0.012325540401316708,-0.004699992148062081,69.56556082698307
0.1373662169196101,0.06414342338063914,0.0008469480918892984,-0.008243220626665677,4.9738693349202565
0.08565183709443744,0.03493735197188364,0.010000146095736429,-0.004408630618436026,58.41453876828467
0.08196515641781509,0.03842529664021651,0.01058714790599597,-0.005027254968599097,62.69796041904861
0.12498095171994156,0.05269145874251724,0.003921260355757593,-0.006800230178858974,23.052018050247504
0.11756734450679533,0.053465701221165444,0.004581867045675952,-0.006827642714928298,26.343173944042523
0.1293341374677302,0.06932982555585225,0.0011129511372290945,-0.008292723830956025,6.175684201949375
0.11193531236401803,0.049323733729356355,0.005834902852588547,-0.006392819014328203,34.37103326024867
0.08290274901294428,0.042420082319466895,0.009328315580678247,-0.005337699266704334,52.22828539721357
0.0948265168624281,0.04454554251757604,0.00791810435682712,-0.005603104214858642,44.88171170239008
0.09773510959962053,0.040589486426101634,0.008258265221810807,-0.005145448328836385,48.04833169027948
0.10617995873917795,0.052260319299765746,0.006110757713265373,-0.0068464033327098545,36.937676353036785
0.11711281798105137,0.05912187600120686,0.003948214936019142,-0.007506851627134229,23.16118674359916
0.12037532377655136,0.06281816817665821,0.0030612338154479973,-0.007926358937174032,18.11680488856155
0.09889665634311307,0.04727864057210721,0.0075108890332558865,-0.0062040715410683085,43.88782810421607
0.09299727184918341,0.0424319631094335,0.008128597907740303,-0.005334413947289758,46.158228900385176
0.09725813333023214,0.0533938975428299,0.0069332472167575555,-0.006900256681805926,40.25132569545383
0.09495529282621552,0.049317961220615936,0.007934324469576405,-0.0062358798426956205,45.3263336052487
0.1204920486765187,0.05516729833484169,0.004004460774415701,-0.007094780369437653,23.19442507950565
0.13495799229593572,0.06370614853243542,0.0011949872342793043,-0.007993329619175734,7.035733812283402
0.09446784527742161,0.04794294122886021,0.00777883045084188,-0.006065811621393144,45.34216612964212
0.11613325157949113,0.04755961921048591,0.005558449572889556,-0.006203055493713339,33.185225212526305
0.1286561022827237,0.06347150201431982,0.0019880425494476373,-0.007946529676825041,11.689344553554328
0.0848874663358335,0.041979603655048325,0.00930363944502907,-0.005315883418759727,53.56797596156603
0.1258826875794439,0.06560654797543927,0.0019965421535706246,-0.008013802793149626,11.27372107010359
0.10610158157496345,0.04999114498509057,0.00625736441006852,-0.006480656288190619,37.24862515294703
0.07127201815123609,-0.01983993672854299,0.01923503289959795,0.0026387543148531332,108.94873623305311
0.11369000892909914,0.0459383664376313,0.005984497044968717,-0.005993037812064581,34.28823859957558
0.11491737200946253,0.027222799052427644,0.008225965830175212,-0.0034562414519010817,46.356200394944004
-0.018942706889258323,0.010688538109437014,0.020961514091010776,-0.0014976860197753602,110.5584491024049
0.10707676697728348,0.05402768257621388,0.005626779397097186,-0.006808687576420581,33.32791591666462
0.10671363962189764,0.05236606997178069,0.005895937834946606,-0.006755340914188756,35.08085526884222
0.0660770713689908,0.022235636146201578,0.013939977089129193,-0.0029392733161206917,79.77141962818865
0.11845826039092476,0.05577315408923983,0.004132692464707549,-0.007134110083025706,23.73529879070042
0.11701892236504041,0.053040450062687844,0.004708422292959214,-0.006836362072726796,27.288221827250332
0.0819661322084044,0.04609776949501852,0.009249200140429034,-0.005753722828413686,52.79190161210179
0.12485923700219509,0.055960164191745036,0.0033838626454204004,-0.007051712511486392,19.965893840290867
0.1270288395220745,0.058062449362055464,0.0029152928102822375,-0.0072879115170208725,16.871574753032373
0.088735981539472,0.04584981879440707,0.008916315426543173,-0.005868104334875201,52.32171273174012
0.11744272248613148,0.04668949664575114,0.005349191107643766,-0.005958531398785402,31.170637602716873
0.12088602347399602,0.055705980993014347,0.0038985988485197584,-0.00712490326335308,23.503860652372474
0.06983980586908416,0.02847814418047085,0.012703227435415165,-0.003705768584301487,73.68713863566387
0.11407213324293021,0.0555441921744535,0.0046872586395431855,-0.007104857018805813,28.26087837736577
0.08806072492782092,0.042000623280764794,0.008775631680107017,-0.0050860464704783215,49.103260472538196
0.11286893472332318,0.04747124452931468,0.005807943952922643,-0.005955402499845808,32.82699905311938
0.054685104430018144,0.015048986234611482,0.015689800963381104,-0.002066230309528193,87.69098128961949
0.09593860155576493,0.050432337717999924,0.00752483471146355,-0.006444729441747063,44.87685008471532
0.11067189589826194,0.054206132460735516,0.005209700174803327,-0.0067525419248054,29.581280736317016
0.1086734148227914,0.0530773326783511,0.005616151834862715,-0.006658644160927058,32.67066036443518
0.10047359758614137,0.051755639854132174,0.0067250248786025115,-0.006521624413220146,39.41884466432957
0.09926747114782927,0.047122903508988824,0.007434236373761393,-0.0061846073714491604,43.45832226634861
0.08670344704866068,0.041371909841434865,0.009152649423408297,-0.005253459295612005,53.705723127141354
0.07413034989770347,0.042349533919385056,0.010441185733741531,-0.005311279233929756,59.17202385553244
0.12159233108051457,0.05460548977006709,0.0040525374901866085,-0.00691338850955013,23.415079606780836
0.11891888481309952,0.05092112155057222,0.004835081313612766,-0.006666799934200295,28.58019308590559
0.06677447691491185,0.03377506473966446,0.011830335753862232,-0.004535042487936858,68.45246063163776
0.09478372431072742,0.04559718027193634,0.007979677837919905,-0.005989601804878958,47.72933942765268
0.13100562699584664,0.06368706045771874,0.001636638928477608,-0.007920054438662292,9.460789392240658
0.10610870588892216,0.04841607571903621,0.006678687491090164,-0.006330279508484909,39.796140323775646
0.09640892865630354,0.05157791997143021,0.007093326035130171,-0.006527459148554123,41.72244885645205
0.09446100723318294,0.047414365028993266,0.008063062135283813,-0.006040742516921849,47.1776657410838
0.13398535857852595,0.06735057272097646,0.0007961965597687284,-0.008387465930869276,4.6734301330737535
0.11962003750835888,0.044172709906296584,0.005773766491034724,-0.0060050264743371495,34.440842176985115
0.11292527303117834,0.0553462879068207,0.004867903365019081,-0.007000804258102878,27.936239951122054
0.1325740062170581,0.04779736929903658,0.0035579911439344073,-0.006039811548216253,21.337519491223922
0.11033366402313566,0.04533559615226135,0.006466780516899115,-0.005948858507152058,38.253514504144356
0.09800480735753397,0.04473707819973502,0.007650730724084209,-0.005794333828302237,44.37550150523522
0.116963932624232,0.056626289876205715,0.004292378764398787,-0.007216208311617189,24.84666263556607
0.05734843122241344,0.024154165779267548,0.013961357700786886,-0.0032067590688605826,80.35018930427039
0.1225703253760546,0.05593405767690508,0.0037272510140160062,-0.007167186356672044,21.982774502789795
0.07098960385529025,0.025926857893564113,0.012879097857252232,-0.0033958502843589697,72.010150768757
0.12249542563309748,0.04084009296381896,0.0058161582721118175,-0.005251663787650193,34.039454574379405
0.09188711770664382,0.04865713299466607,0.008055008955459894,-0.005956969126241581,45.67904849002295
0.07823532665449161,0.03256549093304046,0.010949192639778286,-0.004150217438252868,63.214892363041166
0.13419463700165876,0.058211271233115786,0.002168490431961777,-0.007760284742864743,13.184345252649367
0.12186012740338992,0.046891426950327095,0.0050076842588540615,-0.006065832741891827,29.69712273989042
0.09811138717866161,0.04581798858187695,0.007410798698900341,-0.005763533844153424,41.76736243448325
0.10467557277187377,0.03588547562393737,0.007973486025563125,-0.004466972477561054,45.35456965380973
0.09513828230965417,0.047199851018232576,0.007674205708851638,-0.005926439845929711,44.019689524193154
0.12308932687004095,0.055697531179651205,0.0037197840625055037,-0.007023802712663971,21.662181247475935
0.11049735544221927,0.05165808318392377,0.005514216449038001,-0.006570662465568218,32.21784273414794
0.08521544231358176,0.05332044519920619,0.008074420090411398,-0.006702550936757676,46.24326184887788
0.10004694573837951,0.04368703886053601,0.0077897991492761305,-0.005662563810509127,46.49414302612181
0.09508145687940858,0.03986735903139206,0.008877856838799315,-0.0052442471705163585,51.4912192681714
0.11660411619829822,0.051371320588339056,0.004985216497612082,-0.006570845073759673,29.51035772711513
0.11164423375380132,0.05614975486196952,0.005028338780773372,-0.007364205528207047,29.524317508146886
0.09073364931947393,0.047867689292177246,0.00821350957213297,-0.0060557735868830165,46.77309544701474
0.11668140125506303,0.05173266549661877,0.004853923111821017,-0.006369851159721345,28.289260383106484
0.06653593186488505,0.038135661352500363,0.011247405769731253,-0.004718543269371226,63.464587145831175
0.11306784312683078,0.03775154292895607,0.0074031444750971365,-0.005161147560124775,44.54603743329366
0.09723257552221856,0.057788731495978435,0.00662727638349271,-0.0073830791240395805,39.079919863405834
0.11068825845117791,0.05469163626841829,0.005411940578246131,-0.007003819109467736,31.12561555952359
0.13510974427172134,0.07181742757596007,0.0,-0.00864686676409803,0.0
0.09324016948066141,0.04787984199761535,0.007863942918386711,-0.005946201871303776,44.39963616592371
0.1149892234297547,0.04256746905011241,0.00627832353113427,-0.005479900089907285,37.19202045492243
0.10351974620065818,0.042858766633693625,0.007593089429364591,-0.005552756108326783,44.50346069979581
0.09403653335995038,0.04368333287264266,0.008039474808284958,-0.00548187088325102,46.902719369113896
0.09330461302003293,0.047778848398706275,0.007890524814391758,-0.0060776741583768055,46.069197233270216
0.10457033653991622,0.06045011414652815,0.0053701523829514895,-0.007722222881060818,31.1817259344381
0.1093769371293782,0.03504369289084243,0.008042517401640862,-0.00468322777005845,48.399742305247216
0.09854132132517567,0.03755258644542207,0.008794478866340188,-0.004833218855986604,51.107448259267656
0.093191894552714,0.05249235786108018,0.007470870947280634,-0.006574557494893355,42.683545359145626
0.13705079091333816,0.07002290313519739,0.0,-0.008434287247699951,0.0
0.09908572749333178,0.048326124494660394,0.007057046755599765,-0.0060230365251395255,39.86734450533275
0.06022111743818563,0.035514008303490434,0.012640630528926184,-0.004640728056521133,76.42119072706501
0.09146168337692656,0.043766119269827916,0.00871629440722864,-0.00556798223932407,50.8246396462483
0.041064209555569026,0.025255434300161174,0.015568045888522876,-0.003321366176244941,90.55308745138608
0.09285286676346452,0.04549469681338322,0.008062773342862093,-0.005782816101312093,46.57301442586457
0.11667469644486021,0.044939101434078504,0.005766171565606972,-0.005685748344617407,33.37346276712335
0.1088245050607249,0.054871864047432585,0.005271377839001276,-0.006880386822585469,31.577425818835675
0.12223856108157878,0.06112585393184808,0.0029845573752483403,-0.007516051288261554,16.96004262862054
0.09760336001110388,0.04279070237398538,0.0078586022828005,-0.00539416245588125,45.70049895550805
0.1138432779524705,0.04712263183697643,0.005853588487224797,-0.006044228648058196,33.475719832637424
0.11425606318939455,0.05197347665925258,0.005099988746432841,-0.006642766489794367,29.55975086939459
0.0758636004276191,0.04292055306195247,0.0100381439895881,-0.005368176745635018,57.56129184536841
0.10172426056819396,0.04386968562095916,0.007680141830224119,-0.005826950367078369,45.98547655585525
0.08174278330758215,0.038486329803872066,0.010077292040598432,-0.005025100102861591,56.42104906695662
0.11991881448439998,0.06455732196457922,0.002888293517634087,-0.007968523388247786,17.03182772592271
0.11572964048156965,0.05133095566468801,0.004903526406020138,-0.006299618438094362,27.699478406603863
0.12487678950959781,0.05550828099278361,0.0034995803846556675,-0.007090207109470955,20.649196261352465
0.11655442306098579,0.050595853289594456,0.004933125749799104,-0.006339181025787726,28.32633469672006
0.08140526717875876,0.04728040587707318,0.009177543062966899,-0.005829838939104844,50.80596319753228
0.12729330179747947,0.061340099985962564,0.0024681442677125594,-0.007792479290773208,14.310006766045676
0.09454107529128868,0.03296656415600242,0.00915709592370712,-0.0040477289447488005,50.556489646622786
0.07995589461061792,0.019235242177143744,0.012387111754773911,-0.0025041505994017007,71.85067884010648
0.07703975420841969,0.024782913027306112,0.012549622040913687,-0.0032841906744762645,71.44528669557202
0.0989863223300837,0.04659248788300906,0.007413403595684934,-0.00592705375114083,42.374458797866716
0.05229597211383212,0.013327408425124759,0.015560124389006245,-0.0017218523114506496,89.21272767371913
0.13815755254436723,0.05984513475387628,0.0014533629625752395,-0.007949326558734354,8.748641527297837
0.06138272841174116,0.0333523093276861,0.01336365201072081,-0.00434209267873848,78.55989379281596
0.09081748017537421,0.046090667365707,0.008373049504552,-0.005991661444966851,49.95760751406283
0.12010888312754477,0.05711858988890984,0.003863490022620843,-0.007448392718496343,23.16006223022366
0.09106126609221794,0.0500313327798512,0.00790413986101582,-0.006452548154743499,45.69838844581846
0.14081688107636037,0.06702326303926379,0.0,-0.008627058433220142,0.0
0.12287456827248798,0.05476009543618778,0.0038442970798227153,-0.006977387858776551,23.23058026156549
0.09689237162199142,0.04915159795117762,0.007375501323611467,-0.006441636338059245,43.83171398545559
0.12225736811944429,0.059874762236294156,0.0032784059171160227,-0.00750590951634073,19.00766251205637
0.0978256453796454,0.04945098263242583,0.00725530631646091,-0.006395395638239879,43.31377403914779
0.12333169335197487,0.0632071580623284,0.002703400796925801,-0.008011323191015229,15.467081080293275
0.11819919910538447,0.0544222459089188,0.004426725838208055,-0.007048117094263587,26.872606131790633
0.11792589561002333,0.05882553605760734,0.0038113618513716573,-0.007385003499151174,22.3632434909176
0.09520385370271135,0.04436500387963993,0.008007616445697752,-0.005539053710306798,46.51333075675613
0.11146649271071767,0.05214039913345061,0.005476231992375865,-0.006806978378993056,32.86468046317032
0.12003089514891759,0.0579046533821527,0.003826720755245219,-0.007379147595196003,22.09498880417179
0.13317781332876344,0.06291378217578242,0.0015597822001282165,-0.008142298748032146,9.252038298187951
0.11286214469363924,0.050417320261173425,0.005389097050631248,-0.0064294663569090926,31.858787846757053
0.11466539069762974,0.057495413893855,0.004389241098958216,-0.007258605654058166,25.971702625289517
0.11509542670248771,0.04938228404612936,0.005365699293710724,-0.006288314723031725,31.433713164197158
0.11810611214802054,0.055285515798553356,0.004327271732449714,-0.007145379746070122,25.382279374806384
0.1029895244313212,0.04856220674007213,0.006529895204084015,-0.006082752532998228,38.26521054190806
0.13251983847872004,0.06494081656247108,0.0012756906271937335,-0.008015709649872652,7.348771268818313
0.06752332115942504,0.0350127667463612,0.01190551880222826,-0.00434081657305203,67.61669706566337
0.13132269170638589,0.060799288408942276,0.001963206615921488,-0.007621016765215962,11.195961002567895
0.10279423966685804,0.037063544729247055,0.00824703765550399,-0.004718839671932611,47.86287968606979
0.12980993738754276,0.06767252695109101,0.0012524149654806638,-0.00837422031623921,7.2396462292018295
0.09628248912414446,0.04358777580730063,0.008220929536305368,-0.005531761896603061,48.989295010578815
0.11711836256770548,0.05727968453920392,0.004242962307227709,-0.007521914320337639,25.767396102724582
0.11645505354445584,0.051193533695626195,0.0051223000760034065,-0.006685233590750033,30.04748583004953
0.029801111292937915,0.018520557601973346,0.017402568392547994,-0.002416966939058093,99.7226826436191
0.10585557478397163,0.050257060934575555,0.006309917466848717,-0.006429259647014838,36.76146833773088
0.1116748245613073,0.0511225224235829,0.005528617288670438,-0.006551185280216177,32.141346875406214
0.08744530262787974,0.04171447069744344,0.00892131795049054,-0.005346443634322703,52.66162965305655
0.11426052832428675,0.053316844439228114,0.004940194179514338,-0.00687661246787527,29.777856385168313
0.11534658499416026,0.034664234636994126,0.007320087971536169,-0.004475229514417014,43.07289589053643
0.08732487061453281,0.04723705157974517,0.008698414861710255,-0.006230739506633628,51.320591582180455
0.12084565445548695,0.059250304457002564,0.0035220119817676258,-0.007676606411754827,20.577901849446945
0.09517360210358541,0.040933707765050203,0.008339016481128633,-0.005224274392046844,47.33092147283716
0.11148037120058214,0.061542421405219004,0.004360901834153114,-0.00771999472205773,24.901128732375522
0.10780521757844243,0.058893256538820014,0.005121666969059142,-0.007479921243677954,30.121326477383022
0.09344881973924885,0.04445876891188558,0.008092848815281781,-0.005617732621685254,47.19923761236212
0.09463537092019357,0.03733399327729367,0.009120486902559384,-0.00490038772889659,53.90530886726013
0.08820418972303423,0.039321358878695103,0.009422214004810147,-0.005138691314398713,53.3876083002278
0.10755323665305916,0.05632994611602919,0.005358724626731809,-0.007193441009374746,32.174546310312635
0.10901957430312677,0.04853354483589719,0.0059220239914238824,-0.005955310085380907,34.04160504191023
0.09943910058698545,0.04403250680879559,0.007741656247141614,-0.005580827344863036,45.262249262473084
0.08786685481993801,0.03970794372498378,0.009716370139548966,-0.0049728630656182115,57.66304361900891
0.12469910113715711,0.05855189777265745,0.0031524787999705423,-0.007555756338151872,18.176305455532024
0.1029813102575605,0.052507287105761274,0.006429470659400308,-0.00670352114926211,36.58692579770709
0.09486830391085632,0.051445564864586624,0.007214794953471479,-0.0064014268703257915,41.4962545128124
0.09416679376866947,0.025942349553305197,0.010653830770451386,-0.003335294048507448,61.619117523159446
0.08978720576298796,0.04649367949471889,0.008686011170188059,-0.005836976353516813,50.144607153354876
0.1267137041022271,0.0605734531688831,0.002541557035452175,-0.0076288799772011055,14.811435199803157
0.12850809289722312,0.06457641219459918,0.0018300838245203551,-0.008018872138760326,10.510018053044778
0.12423372509298602,0.06176532876636537,0.0026995550412283456,-0.007769817306113327,15.923792868675921
0.1183650663662445,0.054964408604533416,0.004231025538356944,-0.006957905550357492,24.535647244516582
0.11304172500971642,0.047180630738250476,0.006029807595339197,-0.006170998724606782,35.477014370807964
0.1277787979860375,0.06200295341487828,0.0022661461461086062,-0.007607537641931224,13.072746413125333
0.12146488712999813,0.06111747844044448,0.00320274943848497,-0.007740202901530186,18.446353972286378
0.11919961929714061,0.028237989163759317,0.007809007737442936,-0.0037104707808560612,45.87492909470941
0.11030283446144075,0.0464660717904424,0.006252875013020166,-0.005971936913518257,36.257399107332006
0.07418904649488203,0.038975857417788105,0.011049881414235302,-0.004989809392350876,65.31112934019274
0.08953922267686071,0.05429045632217464,0.00798776209291344,-0.00692601430752234,47.099918001446454
0.13113863568347403,0.06194310007639973,0.0019038902879005462,-0.00787250667287746,11.22105011964433
0.12429360454030365,0.05222721791727791,0.004179404747040146,-0.0071210831734537065,24.98118822457111
0.08283120662725618,0.03286749159273731,0.010663348519687803,-0.004375167186588858,62.198713242220556
0.11913556025109652,0.05361625463980738,0.00430319599190549,-0.006798634041415017,24.928652991625817
0.11193748658722026,0.05667667997903662,0.0048100195241352044,-0.007286389357806861,27.654957464306875
0.11181179462210503,0.060868208390938955,0.0042084676415721015,-0.007439004226717165,23.79270724611427
0.1089775443971518,0.049113171703023505,0.005970602908955227,-0.00631148917344932,35.19944867888543
0.12553235500078466,0.06204235358889204,0.002559310010275166,-0.007865083853664181,14.843277038946415
0.1366340022544119,0.06313149825170805,0.0011540100560363982,-0.00825030181732206,6.877461495161359
0.10741359985806774,0.05441413989729077,0.005635560096566713,-0.006635886833458995,31.60172030595623
0.10951209435323396,0.05070386984671838,0.005549953610462738,-0.006188638808302542,30.774538994679823
0.11780697519001637,0.05806935162132715,0.003935402025165904,-0.007325892810291396,22.947146714457656
0.1153579262630117,0.04780673552294933,0.005823381057455531,-0.006455188545417317,34.74567290877716
0.11426584299762511,0.05351128411918063,0.004983712216907298,-0.006848251686775467,29.50524783651978
0.10704198379212984,0.06045476333355249,0.004946952093441512,-0.007599312085271752,28.929894772549893
0.09314152472190813,0.04874264507118938,0.007783854887552161,-0.006133722856398873,45.361287486597085
0.11593808759862323,0.04381764748397601,0.005939715928440919,-0.005632086336590636,35.07260304299239
0.110522765604125,0.04488376942668203,0.006354939489694179,-0.0056256513112238,36.96374777516923
0.1298646094981844,0.06230597526315263,0.002020067305808456,-0.007949915174344081,12.057424126089682
0.08657094723726426,0.04322887159345239,0.008847329527803682,-0.005545241669868468,51.6691571518045
0.10204755572386669,0.04768830130381405,0.007308808039345297,-0.006299807650722633,43.412259027481575
0.07674209003727801,0.042373881898984625,0.010324615200218178,-0.005399653316834935,60.36033340137575
0.12652664977204142,0.05924209335155609,0.002736784634574902,-0.00744456911850306,16.064481822171814
0.10675086697420841,0.05156406603707782,0.006017403538795104,-0.006495854532180154,34.3199448449388
0.11372998924344933,0.03753398713582374,0.006930467859379204,-0.004837746535025306,41.35625961706444
0.08001474458662991,0.041173192336848345,0.0097449328092903,-0.005112313415900525,56.64025777872499
0.09362662523533857,0.03857186576052767,0.00881597408926865,-0.004909352685541999,51.082757403354535
0.11171008258537811,0.05701808101297543,0.0046909614651585345,-0.0070388132110740555,27.821265205032844
0.11791024817479849,0.05730670977026421,0.003989828568408768,-0.007091389030554817,22.80032015710558
0.10337929623352261,0.05276166712183418,0.006168543636201412,-0.006509518088951153,35.09316087669814
0.09883150013949733,0.04488142773376041,0.007528903452872653,-0.005673599476716676,43.666911374383844
0.12676711395322995,0.0593873946735714,0.002735948415716227,-0.007581032855679303,15.897414067485935
0.08664260898832861,0.03943769425889694,0.0091580561019824,-0.004939486465230544,51.835327907525794
0.10782812079103533,0.05033601616067092,0.005817480457613817,-0.0062683035302443044,34.15612663394333
0.1066809045422204,0.050292969018391795,0.00636671267729117,-0.0063606461305792,38.159959531267575
0.09755775263519707,0.05123130292037368,0.006962256399277598,-0.006415081055450969,39.94933523675053
0.10407603926428152,0.044524647771463276,0.007145654082035394,-0.005840460640116092,42.14215921605671
0.1269099437417896,0.03665540177239779,0.0059786529872918135,-0.004857670121817701,35.655443893696884
0.12509724652879134,0.05887653862957482,0.00309612077772386,-0.007716869636613691,19.17783746013233
0.11012483910130731,0.052394263747789944,0.005590034757460151,-0.006643783511078007,32.9663365499092
0.11342618599935285,0.05279573109550778,0.005144672469534639,-0.006889152475362845,31.588217084708557
0.05518316395868403,0.027148192821165856,0.01388998385045789,-0.003599828592410962,77.1442998333797
0.08873187138124057,0.04600592581101779,0.00875592134947554,-0.006053068925594528,51.72158699686862
0.11237922023599715,0.060093596705460474,0.004383154723630159,-0.007450309206508992,25.604949190845687
0.09697851274081112,0.03656745637342248,0.008844206284275638,-0.004830336511771551,52.14994080140439
0.07803403149733115,0.03806389679390562,0.01062304343262607,-0.0047510802396528665,61.04455529699719
0.09800627870095688,0.03484438949163961,0.008977187379328634,-0.0044953561702418335,52.66718011325897
0.11716172911200044,0.05660978590439372,0.004276133112196299,-0.007218643854136826,25.238420407688356
0.10046148987995011,0.049121577682370195,0.007078088407466341,-0.006401994703738267,42.13016736475997
0.09252405897627616,0.040911610731708015,0.008973984934805954,-0.005315801140759577,53.61834937533324
0.13605120045207209,0.06775975457548616,0.00048116946943464745,-0.008395101391040298,2.765812377381394
0.07775914405795349,0.04404113716439049,0.010373170831032497,-0.005434107535344388,58.421517635456
0.1040296308897124,0.046816651798174,0.006753100471245737,-0.005952530526939206,38.892727889375266
0.10689050210355601,0.03992775130455866,0.007258295511484752,-0.004958805224474477,40.767060914537396
0.1216603344021879,0.054646226572546155,0.0040892190743301105,-0.007168694280222097,24.473633008655742
0.107972844555532,0.04795453893630951,0.006279493489700285,-0.006033861603775305,36.660752759389624
0.11143260361041243,0.052147225852935755,0.00536208038628198,-0.006591466257658414,31.666387721316532
0.11911441686395349,0.029895661972240594,0.007642765095535066,-0.0038810005662398735,45.20454181234298
0.13227866600732752,0.05363715270055971,0.0028176887242413024,-0.006770462781450075,16.07629320298693
0.12448453060856277,0.054155064391668464,0.00358207591268202,-0.006774735980396811,21.030639714091
0.08915881854271565,0.023511976420103612,0.011276659486865306,-0.003054126142647573,65.61688221190374
0.09938324192174887,0.032240826485242,0.009306560144653853,-0.004304914214438776,54.91462031612538
0.11312467982229617,0.056827506314592234,0.004740373299142057,-0.007326382252949207,28.258445768728023
0.10556727065497366,0.061411549136290565,0.005154849955716539,-0.007723494101523636,29.493473394936682
0.07269496294460125,0.0356952867370032,0.011087560624212784,-0.004595447224401016,61.57564578070546
0.10744820117300535,0.023610436290184337,0.009573642219466787,-0.003109111957038922,56.39331198145806
0.11085229745788279,0.05510483368070764,0.0052400504476027105,-0.007129948001823922,30.52640941049526
0.11587888485594125,0.057005947473406454,0.004369325697678308,-0.00712055640432478,24.986476551673135
0.11432414713977133,0.058867328224364725,0.004324231655442715,-0.007581677735047217,25.68671915742755
0.03432373386330419,0.03412252199804201,0.014498657768156616,-0.004209583015282028,82.89171856188977
0.12537339213133397,0.06494870416473988,0.0021522877224837856,-0.007984234003655222,12.569520413000472
0.08979245062386465,0.04945916037066509,0.008247762637692158,-0.006572055936852194,48.639874231939245
0.09927263444817863,0.043075146980757956,0.007732769614711764,-0.005486060318863588,44.75533055838041
0.11433424337117742,0.05172656059921556,0.005108827671221807,-0.006276721028420155,29.497691276331363
0.11060569981523588,0.056124285103373195,0.00490906405322166,-0.007011295934802127,28.52437394178304
0.10908634769355245,0.041718937001494955,0.006873782636095087,-0.005210034768114777,38.07511044690237
0.13153023864508953,0.06726164978804823,0.0010760798946627926,-0.008243758928386434,6.2332060633706705
0.09589924566222607,0.04063536597752701,0.008356217121475107,-0.00516611798350896,49.23445397202501
0.03370146266749566,0.022408286799983836,0.01647516854455961,-0.0029486629345090083,92.92966600335829
0.11212078345839882,0.0269017263781766,0.008749008458809623,-0.0034747348639089693,51.748318451517946
0.07412934376264362,0.008263389651311312,0.014779962532985344,-0.001140473317437045,85.28911094622268
0.125582391489578,0.06200297884748833,0.002453942270838693,-0.007573532082960638,13.881997679687878
0.12495046683241466,0.06077346668000683,0.0027200678316666596,-0.007514119592120354,15.75243924422273
0.09904986831217955,0.04737826856755736,0.0074476571427265536,-0.006214662528710681,44.079874790142995
0.11900986930827427,0.05073764085464934,0.004778583455887416,-0.006448146646820117,27.669910325203617
0.12842311551375812,0.06152675368014833,0.0023249684452068048,-0.00805267306311386,13.56540904327963
0.09797796062265969,0.05279843797491771,0.006835473561440691,-0.006664422124905376,38.9944209441863
0.11127872860897643,0.05506641794495958,0.004836618160259971,-0.0066865074084692345,27.423885982635966
0.09659177943108699,0.04100615552939631,0.008602236890251467,-0.005117917476928623,50.48768734733392
0.08679027189262363,0.03569696408873588,0.009780373971358775,-0.004725573386565882,55.55795792602566
0.1099668601647303,0.0399930959305781,0.0070188775800147435,-0.0049977480636085045,40.65437339687966
0.05891346689706941,0.0390741950176431,0.012192304911539336,-0.005130180696341667,70.50357605869901
0.04708171989658488,0.004062063650356491,0.01710143105080411,-0.0005449287474093876,95.03702088523698
0.08817181396271628,0.051833128855801075,0.008274290142493127,-0.006465299671822401,47.4491808797987
0.10698947974443325,0.04972995171548843,0.006269094495419797,-0.006168049426636413,36.48866670311716
0.10904611650826851,0.04441555402136319,0.006580168626090719,-0.00535989619013664,36.34139841294053
0.1173141693815767,0.055593997559887226,0.004402317081267003,-0.007117499642598709,26.18967988053383
0.07831199522444586,0.02032014398677442,0.012788959114294837,-0.0027353855861388314,75.15133124878687
0.11308457002843601,0.05072405188984775,0.005244478332162098,-0.006352176255050181,29.889092943004457
0.11233146061085625,0.054703562865049696,0.0049351658572757235,-0.006804999563895768,28.498332323645144
0.11428661255772687,0.05516901742224741,0.004779212003352195,-0.007005652730574701,27.645907623014
0.12652673673407744,0.05132314435453235,0.0038347061766460197,-0.006597721685834805,23.065655095788756
0.12151699992868402,0.06074585204387611,0.0033262035560902986,-0.007884572645368826,19.808801059633222
0.12809665423457506,0.05863520479047419,0.0026776162447628383,-0.00745676253048319,15.60227342511929
0.10119291895507057,0.05791880052940669,0.005893204426670841,-0.007098205061642063,34.697154296724406
0.10045199767440997,0.0514060426197938,0.006796670274091529,-0.006706566000636061,40.82669288522939
0.08447469325476936,0.03865244944506863,0.009559472855047891,-0.0049514214655610135,55.00867861701303
0.08007156210751162,0.04344841092927848,0.009907581777160715,-0.0053175773002354714,55.56816990077622
0.09154324700156545,0.047672614465696365,0.008283646781920895,-0.0059001858790735835,48.12332887300913
0.0982290497092635,0.03829080801655285,0.008471546792243627,-0.00497867553142435,49.68898345359568
0.10460880952004963,0.03707265301568779,0.008381064406160568,-0.004883658550976173,49.84935287617462
0.11996866687942452,0.05964682440260754,0.003431602380410499,-0.007321276271441075,19.530583718829075
0.11875476192874454,0.05429255189629085,0.004347146420792818,-0.007065596126458475,25.674929892629486
0.11428172585288456,0.055514812051192526,0.004656475852115115,-0.006876567683346723,26.632454119065017
0.1403810679964192,0.06737985895759288,0.0,-0.008618587997024618,0.0
0.06705162521750138,0.03769195771982616,0.011221498542471363,-0.004726193247852949,64.7738499931318
0.08342300380700633,0.042776606918305336,0.00958976926723407,-0.005602600272094742,57.387209641267916
0.12169638818860135,0.056953668877400554,0.0036827351904599975,-0.007321233968935394,21.884287330920397
0.1332680298618827,0.06229732898714124,0.0015493206570738676,-0.0077619447186396484,8.988949803048865
0.1341515339706763,0.06577095257556535,0.0009740305707021923,-0.008082439058042368,5.633204283514205
0.057015490809837255,0.020034019505785507,0.014346359425699404,-0.0026871273636191752,81.17043536616102
0.13030806840057882,0.060514064274075116,0.002230167947383158,-0.007682612283609235,13.170933569548671
0.13435141948453322,0.04071207815131481,0.004341444419325686,-0.005263195346885687,25.637940903430312
0.11838082001452956,0.06633249048780553,0.002925063041276001,-0.008269246941096918,16.790263107075244
0.10711471975204853,0.05270846207720671,0.005913482977586971,-0.0068278273905670655,34.53695688525287
0.11245803190064413,0.060603402745574964,0.004297874905241968,-0.007477835453962102,24.3966491634584
0.09473047579022607,0.046920246331724584,0.007583115350073564,-0.005798297085071743,42.184239205338415
0.10372844210242957,0.05153675179737066,0.006359412774872379,-0.006736174704877866,37.131288638435564
0.11081112244050449,0.05563271405528161,0.005023645701756208,-0.006813869796227197,29.02816677891363
0.0697773679476071,0.02382802050930646,0.012778640501899675,-0.003172759714498726,72.70694818010915
0.07896131966661017,0.02894962371670958,0.011639299498848902,-0.0035430781757733957,65.41778092200413
0.09568095275944653,0.02560768020599874,0.010484261196920993,-0.003474532251817687,61.633679706802376
0.13072899543181124,0.06171092836158715,0.001941006370919547,-0.007732713362345767,11.117344577307279
0.06933734038998304,0.0396508141076112,0.011398830406925253,-0.005071100414438681,64.58546945656198
0.09852184351827074,0.043037272689410724,0.007943233506913148,-0.005660754716162454,44.95407982654413
0.05753671992551128,0.029052100497989883,0.013689852858031815,-0.0036439317028515695,78.74149172035906
0.12252917452048541,0.06532367178949668,0.002446346888104156,-0.007867220181282237,14.085624593088758
0.12812947121827173,0.06114080436311433,0.0023269622482168205,-0.007704582944559777,13.70050595842773
0.110694072158999,0.04656388596258751,0.006192733234372612,-0.006005560931786534,35.65044043287827
0.12140316834640529,0.0665765765809153,0.0024465665761152916,-0.008220699849763466,13.9283832095791
0.12449697244891886,0.060691794273460484,0.0028173172583984807,-0.007668008679984952,16.38385984856702
0.11954532633762281,0.05263108432246156,0.004585940904484959,-0.006824857419437858,26.34486128557031
0.08422642380694349,0.03741402842257328,0.01011586971818078,-0.004698170241345239,58.7676620042654
0.1221889981407604,0.0609390499566101,0.003008486563329631,-0.007519855394226251,17.32628327373988
0.10362374972879032,0.04071025827675523,0.007889658147705455,-0.005353723639687822,46.84574244157727
0.09616428336887647,0.037771532888825114,0.009090745523899824,-0.004915360977091145,51.42876126927695
0.11511921767069218,0.05245002903778823,0.0048908938385152905,-0.0065298270649158646,28.617027642415753
0.12157104228170681,0.06352234031593657,0.0028091702521730187,-0.007878524010734482,16.01075870163158
0.05397358856915056,0.026743259472297234,0.014429350066854925,-0.0033200130473506916,82.50207747433068
0.12367557119241021,0.043609107781026446,0.005320277271925965,-0.005626331785975742,30.709876057919125
0.11941186058283497,0.0524153463048233,0.004589528698213296,-0.006830245721088073,26.871009305059815
0.1339304971862365,0.06165697480947833,0.0015368114168043641,-0.007667507176191659,9.067892462561096
0.13604670264428384,0.0655461538611744,0.0008338529832138051,-0.008121415896857878,4.794599350854121
0.12614276837367497,0.06242729385288744,0.0024911074812348894,-0.007809576336366762,14.540447427920427
0.11453793374318198,0.04822114222367522,0.005728797291290177,-0.006371635509760074,33.32058626308308
0.13620668657285012,0.06551106802278278,0.000795678399448438,-0.008279392033387688,4.740827822010685
0.05883594915336062,0.03274118000532269,0.013197836161681725,-0.004274635994447136,75.35770477648526
0.08882442922451474,0.03000205263860862,0.010425160533771044,-0.003924147977935608,59.353295993326974
0.0809140208446903,0.05177346439137606,0.00887328069192405,-0.00634269063494303,50.33418418732257
0.11303954631571796,0.06326977618289178,0.0038495926605793644,-0.007783886092505321,22.43237328684853
0.12507771117469674,0.06352141648056779,0.002413184232259971,-0.00806942527360746,14.398499071806956
0.12583760815799297,0.06502602206057863,0.002116043443374708,-0.008024330023636776,12.197506854221167
0.05326504211353749,0.016038863573920526,0.014926637115917851,-0.0019715623084052905,78.72600898129434
0.09227881638018022,0.047641371585125866,0.008070223834745142,-0.005992497574638352,46.254182547038816
0.05964325559408998,0.025699715435552235,0.01460057819003808,-0.00331526161718652,85.15114093872974
0.12343501199295537,0.05387953753621298,0.003963681180034784,-0.007078639818169709,23.268429040835713
0.107587948196992,0.043884963246316765,0.006960643837952252,-0.0058154541382916996,39.745503736767006
0.07937967175852789,0.049328225406465274,0.009149009386402032,-0.006095611230698204,50.16308552846718
0.11526933996119436,0.05264460591381189,0.004949579868045483,-0.006591657796686442,28.52409450845287
0.11564995984626274,0.06322390168897574,0.0034660381260915494,-0.007565320301393995,19.354624638252105
0.08954822700130081,0.048838637866746346,0.008325036791025395,-0.0062253519167429355,48.22428197874386
0.10444185993151105,0.04833417118414774,0.0068844281057530085,-0.006223206352962151,39.07242486653458
0.1226357572600961,0.06342947605779439,0.002705190670429715,-0.007938748709679175,16.24560252501262
0.06857271144296895,0.02714619781954781,0.0128151753701876,-0.0035582485069019796,73.57523392708902
0.08838157156002462,0.04777730510277248,0.00835196814044101,-0.005832843142994181,46.69080658437774
0.12081397205990498,0.058935267385843086,0.0034569612473534708,-0.007279412560475767,20.014629968641465
0.12402022782872277,0.057546261958585164,0.0033189556049234605,-0.007373570560170163,19.782610453180865
0.10166677366776537,0.04795826235762291,0.00709809980254519,-0.006309299494737766,42.94547075990193
0.11071696201527284,0.05430918206581849,0.005131345018994117,-0.006790967592487031,29.80349893848643
0.09853327349909201,0.04040743504369375,0.008321810055504277,-0.00541300797649376,49.42502534735385
0.11079127316392674,0.053175470078710305,0.005258418806340244,-0.006611325126662682,30.4750396880866
0.11253800163201566,0.04797955196923611,0.005968021672581118,-0.006215369322276215,35.23473359281848
0.09481944966159403,0.041321551334925155,0.008589543995101392,-0.0052902449324701735,49.18485853779241
0.09003370062369771,0.04930347226498569,0.008276168694124232,-0.006348170962916097,47.70304492738845
0.0751415766401495,0.03949784447015415,0.01037457130575991,-0.005117528882841201,59.67421490204643
0.12543187497411767,0.05327057760210323,0.003649604264478191,-0.0066816360772833545,21.266073546958445
0.07457689400938622,0.03994557555892597,0.010568291452067849,-0.005130222617897449,60.75810609032991
0.0906139879936903,0.03308185038173281,0.009930697976948908,-0.00426052323783208,56.36556607377587
0.12364070676380964,0.06026566343093921,0.00299877091427206,-0.007605783327923607,17.742604032506993
0.06716946463058375,0.04003146750371197,0.011138174023789214,-0.005295944227502613,63.80566677997881
0.10858676990989866,0.06129998291758636,0.004645944089623159,-0.007534396126982471,27.13234336275349
0.11653319136403599,0.06235272876335347,0.0035008407286739557,-0.0075246895713818596,20.185178949819615
0.058689225423088326,0.027433565024609172,0.013217124895843688,-0.0036102425477692614,74.31365788469734
0.08270428795726259,0.034182467618514525,0.010539422389194,-0.004328372189230187,60.09380633945217
0.12987310669438082,0.06236460477757483,0.0020453986493211,-0.007903923230548511,12.121735200938726
0.08819285689323157,0.04546892253085328,0.008710570248399626,-0.0058239691828963,50.747633760980634
0.09782107880982016,0.05155019261020442,0.0070505144458613,-0.006600485176659442,41.25719527141503
0.11370135575581558,0.05144092327879947,0.005231359877985714,-0.006473770005727409,30.45834395105641
0.058578477644201404,0.021097882673531288,0.014201250498623271,-0.0027266408299597175,80.90199297488557
0.09047118168170362,0.04244707786069783,0.00890880266285065,-0.0055697334733488535,52.9999973993708
0.08677250735825308,0.045900453110143284,0.008739695023644002,-0.00572365429289525,49.61857028934186
0.11747356209819479,0.053813297142416505,0.004540501677295841,-0.006855353080953934,26.558303302208145
0.08436583296410168,0.039983218147228786,0.009744803959640908,-0.005113184857141671,56.76928350519583
0.11761992035838877,0.05067148115328526,0.005051063327856394,-0.006544442019062847,29.77319903419587
0.10949135964166073,0.050331351407783005,0.005727197929489214,-0.006210670773324899,32.91817443743892
0.10751745017064719,0.049603411993474095,0.006159321118544224,-0.0062227423677815585,36.7434186599361
0.11854121939848883,0.051080530625973786,0.004640403766805309,-0.006439125363478172,27.522304298879277
0.09197326852389744,0.037323646437161594,0.00920020084524906,-0.004843198214273719,53.317136602832306
0.09268259662238397,0.036413086030064074,0.009185030954186402,-0.004686751318487894,53.778047837101695
0.12556556421069986,0.05578099905318331,0.0033152009021623057,-0.007059574055856107,19.1112753521614
0.08197939250878306,0.039334423334021186,0.00994713432317754,-0.0050618491660427865,58.17747527888177
0.09212780542728262,0.044868970737803326,0.008799827833159624,-0.005748414876152826,51.4029977425956
0.12265534294720117,0.06266900848737013,0.002776287759156365,-0.00787699089795889,16.209099145730747
0.10858312794481968,0.048249459041729004,0.006110125244017788,-0.0061379157385814944,36.117649884945415
0.10867281130618207,0.05171269060971105,0.005768419083357792,-0.00673075221586442,34.46570969099526
0.11715433823571621,0.055062642926227034,0.00450309635464341,-0.007022803444409026,26.322157057275692
0.10589422382249723,0.05156524017922776,0.0060779600832746705,-0.0066338092958155995,35.290126225372084
0.10835362857546572,0.043759767592291485,0.006757002066226943,-0.005670332605533019,40.34219190526976
0.1129552676719027,0.0484468291998896,0.005693720715733417,-0.006390821228430315,34.52097249113953
0.09473744261277788,0.04520896302313288,0.008122289482294242,-0.005656884445429905,46.91816726282192
0.1000774908499418,0.05044787768690648,0.0068726152813146455,-0.006339613897548381,39.57209913906172
0.13836033946934523,0.06206120818133935,0.0010414070637392834,-0.008015778647686116,6.262684133761609
0.08962311788599871,0.04542502051268592,0.008572938159271279,-0.005902802819998139,51.726412921663254
0.11528977637161465,0.05276936689088583,0.00491555745197276,-0.006849660012503413,28.87837539366568
0.05520880072546948,0.02882237770474342,0.013713540347239445,-0.0037460348623575,79.52528849592056
0.058290628919355846,0.009745492213947755,0.015411637189079938,-0.001223307475298005,84.82064106046671
0.08667922405964412,0.038747761179275024,0.009437409593182986,-0.00492060373492315,54.30541793505857
0.0797159991955096,0.033974018061748684,0.01072066306977551,-0.004332220160760989,61.97496621709594
0.07725757056619251,0.04301601746355708,0.00999450562577759,-0.005481729747974493,56.80350346366802
0.08186466815496705,0.026860785314983933,0.01097565789122315,-0.003452239007252983,62.04644797927929
0.12161292315857464,0.06183494636340128,0.0030924772720396713,-0.007831149702411496,18.248966532702532
0.1141444793739143,0.04872014270381808,0.005622653647128683,-0.006325717289967845,33.59158216777752
0.08853543249726044,0.04860524463079588,0.008289800549445286,-0.006201820956664022,48.45563455941661
0.12891118695213677,0.05470759889816457,0.0031324035911437093,-0.007036014417425608,18.397537720900942
0.09355086266874499,0.030057572149907973,0.010308356222994508,-0.004145945645195168,61.56203489968386
0.12691840800129817,0.05730807329694601,0.0030700258318112597,-0.007402806691090832,18.051709365044804
0.12622459019133217,0.06376961057954504,0.0023118209419276743,-0.008199036129546826,13.721721311565585
0.08281490264052144,0.03575505793494443,0.010517780080723111,-0.004487993170683705,60.868287650115576
0.08594258065784331,0.046825770833265855,0.008805280482351178,-0.0059873531257705614,51.309886156717134
0.10347594252235516,0.029068081652220305,0.009189892475143456,-0.0038248069633876774,53.13096097635635
0.08457259745132534,0.03858223765972991,0.009832269313338613,-0.004975220493304807,57.48748354087954
0.13306140572316252,0.06620231902348025,0.0010557235002502953,-0.008280343506240394,6.191528435776964
0.09750347982969655,0.038974178116601,0.008430078943222659,-0.0049779103295853324,50.20339546075817
0.019912326907657017,0.02182034515211774,0.01724830596052019,-0.0028413158296678427,96.08667775168868
0.12617017541366618,0.061086995272722384,0.0026699872682147837,-0.007895853769603594,15.687443874212523
0.09002219103620623,0.03086347519971586,0.010302279051096958,-0.003953508410434114,58.55226982323042
0.12043497535264232,0.05736629620888555,0.0038223085655305143,-0.007464659996142399,22.988400770303276
0.13479114415760957,0.0588340330203788,0.0019948644685969428,-0.007857804187957038,12.141980245594215
0.09927296871342607,0.04619211739119268,0.00754949869082061,-0.005922385257884374,44.0161600903461
0.11002632402430623,0.05603607791466207,0.0050409907844795425,-0.00682722778136621,28.407443926124472
0.0738076369441657,0.03654264046466727,0.011262821163694573,-0.004807864825440468,65.69735585750051
0.11229406602651752,0.05393710902481608,0.00506906531028634,-0.0067927675442217735,29.87040056897152
0.11998850840635109,0.059454989449833025,0.003648004599010104,-0.007714018050963187,22.19274350619382
0.09584344534495354,0.05148505357550751,0.007180014626456397,-0.006639417266601524,41.38874645178346
0.11708314495711424,0.06431571929572409,0.00328545273769147,-0.007810385162998482,18.25824164576775
0.10679028624818662,0.05455187893419841,0.005722125238732558,-0.00681457911669191,32.99912148560605
0.12035121271018011,0.054672971159053466,0.004194632602999106,-0.006929544593493036,24.14462435554517
0.1256280255571345,0.05243762389400643,0.0037442628506997398,-0.006674225982258431,22.150221557148672
0.11037294279226226,0.054170416578840606,0.005229421645754547,-0.00690406563955523,30.870133319052222
0.07715184372545399,0.04138234909672266,0.009793263838292973,-0.005269310105337838,54.98241277498316
0.11461918653985922,0.055572437925068996,0.004711661049112883,-0.007164194663305904,28.60796563644766
0.09251512683240637,0.03843028189045553,0.009212008697028555,-0.004886449441542848,53.732354522179776
0.08798385387417364,0.03956026748454821,0.009247595396842306,-0.004984774079347264,52.7507463104452
0.08417556020483494,0.04126546849141482,0.00936807306551825,-0.0052564826331399075,54.620503900535496
0.10964004562874724,0.0479044241682812,0.006060560631630649,-0.006187950450388344,35.50929868443566
0.13568656361922216,0.06263312251852216,0.0012600250808065196,-0.008027711449112518,7.329898794345271
0.11507622885608508,0.05209645272348857,0.004838441346920845,-0.006497208222814686,27.85246624916916
0.12314754079590984,0.06229073294963961,0.0028546072061217034,-0.008067204674706506,16.61460818146524
0.07797299539632048,0.034871035207903515,0.011041633912585442,-0.004666374867327401,65.4036723187778
0.07349541005717865,0.02282409595531955,0.012947233718780362,-0.0029759492381225315,75.55409545767859
0.10366002945500742,0.05418562844932402,0.0060435701402032065,-0.006732770393057113,35.07806633248305
0.09791262711724447,0.052197946288499324,0.006910039037973166,-0.006587774399664032,39.50928631794852
0.09933120730764722,0.04601955914108148,0.007455321378421028,-0.005732608673029985,42.079046959481346
0.10285886835256931,0.05412457604034457,0.006121014717059849,-0.006933286932017043,35.55193982173835
0.10187054103146485,0.0376030277380048,0.00819907700686343,-0.0049357030963849725,46.709956345325075
0.10018272414194368,0.03755496421156773,0.008424863985161535,-0.004840462997859111,49.814700333494685
0.08543322881962821,0.02190109478620892,0.01194834639072283,-0.0029020642556741747,70.93788937715115
0.09347337009896187,0.0439087356528958,0.008409830874474541,-0.005670335507243256,48.996186263059386
0.09102769800585113,0.05569781815352191,0.007460977166185025,-0.006909490135376285,43.20838277141375
0.12207340768095833,0.05977055267675356,0.0032425420509560143,-0.007532179796849588,19.236801914203905
0.12575932360979702,0.058619454995261756,0.003047603203704375,-0.007609602638038269,17.909134897572848
0.0864351893478894,0.037147452226593144,0.009595103630264609,-0.0048893963105683625,56.22006824076675
0.12767422694482686,0.062094463242244546,0.0022705008113845905,-0.007945591566561685,13.14684238752841
0.1352035303377862,0.058582897923221716,0.0018872356331464776,-0.007503016309443289,11.282352469410826
0.1297477521395237,0.06064205647057042,0.0023089773294248514,-0.007675204515839012,13.585752752653464
0.09803049376754426,0.039297619424377504,0.008275088572824064,-0.005039048836776429,48.302027850127516
0.049168443733064816,0.014666301497286777,0.01630553466259076,-0.0019028560694312974,92.50063913939249
0.10587096357226711,0.05088703290813786,0.006178807446187296,-0.006656845949096894,36.14110072465301
0.11425837832904427,0.0584341594496254,0.004411364338569121,-0.007424300008534682,25.301273286875684
0.10925750966825763,0.03875517469523013,0.007578712483009817,-0.0048716566715006435,43.30789778732093
0.09690522299020789,0.050775460397822915,0.007231214691192749,-0.006641894588909718,42.02342360003913
0.12725659612042575,0.0645351046742437,0.0018757470240284256,-0.007612278193210126,10.606021887506188
0.054077392800422064,0.01682506918221977,0.01542665254434036,-0.002256494378724993,89.54767845625013
0.10376904735434946,0.04273237128416079,0.007519380375148122,-0.005701042398112967,43.689787142188216
0.12343018926383068,0.06114096512914885,0.0028564710163822195,-0.007609105742748808,16.413525256762806
0.097946746447332,0.03638448763988353,0.008587911094815165,-0.004553807738992797,50.33629749435694
0.11234036077013003,0.05731735761347391,0.004689796894714573,-0.007224325838954889,26.975485845742654
0.08738163461018049,0.051833522640675166,0.008397827424358783,-0.006442436655906795,48.86529187845408
0.10245085530876293,0.0485937776358926,0.006618526308603688,-0.006125075947009424,38.4032935678375
0.11973209096296952,0.057351805836969964,0.003817442652576783,-0.0070933250956893516,22.159573087527484
0.08451088186837437,0.045262544623072186,0.008868705657223851,-0.005835346933323322,51.280260344841075
